order_id,date,time,order_type,branch_code,order_items,order_price,customer_lat,customer_lon,customerHasloyalty?,distance_to_customer_KM,delivery_fee,day_of_week,day_of_week_type,time_of_day_type
ORDB10400,2018-01-16,14:25:21,Lunch,TP,"[('Salad', 9), ('Fries', 6), ('Burger', 10)]",536.8,-37.814308,144.9431697,0,9.822,12.9863181,Tuesday,0,1
ORDX10236,2018-01-09,18:18:35,Dinner,BK,"[('Fish&Chips', 4), ('Shrimp', 3), ('Salmon', 2), ('Pasta', 5)]",521.5,-37.8193118,145.0065121,0,,10.7303985,Tuesday,0,2
ORDZ02536,2018-01-28,11:53:14,Breakfast,NS,"[('Cereal', 2), ('Coffee', 3)]",64.5,-37.8020987,144.959614,0,7.255,14.0849231,Sunday,1,0
ORDJ08487,2018-01-22,08:40:33,Breakfast,TP,"[('Cereal', 4), ('Coffee', 6), ('Pancake', 10), ('Eggs', 1)]",393.5,-37.8149517,144.9574841,0,8.294,11.53557961,Monday,0,0
ORDX03714,2018-01-06,13:04:13,Lunch,BK,"[('Fries', 7), ('Chicken', 5), ('Steak', 8), ('Burger', 7), ('Salad', 2)]",855.4,-37.8213638,144.9628387,0,8.176,14.2008256,Saturday,1,1
ORDB08487,2018-01-08,19:19:26,Dinner,TP,"[('Fish&Chips', 8), ('Pasta', 8), ('Shrimp', 2), ('Salmon', 6)]",854.0,-37.818287700000006,144.966146,0,7.704,13.4546201,Monday,0,2
ORDX03277,2018-01-26,14:45:38,Lunch,BK,"[('Burger', 2), ('Steak', 3), ('Salad', 6), ('Chicken', 8), ('Fries', 4)]",604.2,-37.7999599,144.968097,0,7.767,13.4882596,Friday,0,1
ORDA07850,2018-01-15,12:23:39,Lunch,BK,"[('Salad', 6), ('Steak', 4), ('Fries', 6), ('Burger', 10)]",665.2,-37.8188044,144.96237549999995,0,7.899,13.4267684,Monday,0,1
ORDZ02254,2018-01-28,13:54:55,Lunch,NS,"[('Steak', 1), ('Burger', 5), ('Fries', 4), ('Salad', 9), ('Chicken', 6)]",594.8,-37.8119404,144.956533,0,8.123,13.7979141,Sunday,1,1
ORDC08150,2018-01-26,09:51:32,Breakfast,NS,"[('Coffee', 8), ('Pancake', 10)]",302.5,-37.8148204,144.9592124,0,5.692,10.7655293,Friday,0,0
ORDX02438,2018-01-11,11:12:40,Breakfast,BK,"[('Pancake', 6), ('Coffee', 2)]",160.5,-37.8039339,144.9920078,0,5.419,10.2894094,Thursday,0,0
ORDZ07817,2018-01-11,16:16:54,Dinner,NS,"[('Fish&Chips', 1), ('Shrimp', 6)]",359.0,-37.8080847,144.96857749999995,0,6.949,12.6134034,Thursday,0,2
ORDI00760,2018-01-03,16:06:45,Dinner,NS,"[('Fish&Chips', 2), ('Shrimp', 10), ('Pasta', 2)]",665.0,-37.80726129999999,144.97814250000005,0,7.3820000000000014,13.4089475,Wednesday,0,2
ORDJ05756,2018-01-30,20:00:00,Dinner,TP,"[('Fish&Chips', 8), ('Salmon', 9)]",649.0,-37.8157161,144.93701330000005,0,10.475,16.3325865,Tuesday,0,2
ORDJ04010,2018-01-01,19:09:17,Dinner,TP,"[('Salmon', 2), ('Fish&Chips', 6), ('Pasta', 9), ('Shrimp', 8)]",971.5,-37.8271503,144.9614665,0,8.691,13.9315361,Monday,0,2
ORDB03846,2018-01-01,16:06:45,Dinner,TP,"[('Fish&Chips', 1), ('Salmon', 5), ('Shrimp', 10)]",780.0,-37.8165469,144.9547695,0,8.472000000000001,14.2703167,Monday,0,2
ORDZ07348,2018-01-07,08:10:08,Breakfast,NS,"[('Eggs', 6), ('Pancake', 4), ('Coffee', 2)]",244.0,-37.8144943,144.938064,1,10.041,17.615506,Sunday,1,0
ORDK09187,2018-01-07,19:19:26,Dinner,BK,"[('Salmon', 7), ('Pasta', 7), ('Shrimp', 6), ('Fish&Chips', 1)]",838.5,-37.8207878,144.9480478,0,9.276,16.2505905,Sunday,1,2
ORDI04951,2018-01-01,18:08:27,Dinner,NS,"[('Pasta', 2), ('Salmon', 5), ('Shrimp', 4), ('Fish&Chips', 6)]",686.0,-37.8244289,144.9821881,0,9.434,15.781374057,Monday,0,2
ORDB07581,2018-01-18,17:38:01,Dinner,TP,"[('Shrimp', 1), ('Fish&Chips', 6), ('Pasta', 5)]",401.5,-37.8186183,144.9670084,0,7.57,12.2711586,Thursday,0,2
ORDJ07613,2018-01-25,12:43:56,Lunch,TP,"[('Salad', 8), ('Fries', 6)]",209.6,-37.8133902,144.9674743,0,8.44,11.9973251,Thursday,0,1
ORDC05998,2018-01-27,18:59:09,Dinner,NS,"[('Fish&Chips', 9), ('Salmon', 10)]",725.0,-37.8187564,144.98421509999997,0,8.943,15.4019891,Saturday,1,2
ORDK10410,2018-01-27,17:58:18,Dinner,BK,"[('Shrimp', 1), ('Pasta', 1), ('Fish&Chips', 3)]",186.5,-37.8075895,144.9702615,0,6.776,16.0484241,Saturday,1,2
ORDK01539,2018-01-19,13:34:38,Lunch,BK,"[('Steak', 9), ('Fries', 9), ('Chicken', 5), ('Salad', 2), ('Burger', 5)]",862.4,-37.821794,145.0047484,0,,9.7756464,Friday,0,1
ORDJ10119,2018-01-12,10:11:49,Breakfast,TP,"[('Eggs', 9), ('Pancake', 5)]",319.25,-37.807848,144.9714637,0,9.276,11.6762958,Friday,0,0
ORDK01380,2018-01-18,11:32:57,Breakfast,BK,"[('Cereal', 1), ('Eggs', 2)]",65.0,-37.8152367,144.9747845,0,6.7170000000000005,11.7825544,Thursday,0,0
ORDJ02072,2018-01-24,15:46:28,Lunch,TP,"[('Burger', 7), ('Salad', 3), ('Steak', 10), ('Fries', 8), ('Chicken', 9)]",1102.6,-37.8176264,144.9693911,0,7.935,12.11072393,Wednesday,0,1
ORDC01957,2018-01-30,12:54:05,Lunch,NS,"[('Fries', 1), ('Salad', 10), ('Steak', 4), ('Burger', 6)]",550.0,-37.8069563,144.98990469999995,0,8.257,13.5811009,Tuesday,0,1
ORDZ10503,2018-01-16,14:25:21,Lunch,NS,"[('Chicken', 5), ('Burger', 3), ('Salad', 8), ('Fries', 10), ('Steak', 9)]",915.6,-37.8226909,144.9518467,0,9.767,15.3200733,Tuesday,0,1
ORDB06067,2018-01-03,13:04:13,Lunch,TP,"[('Salad', 4), ('Chicken', 8), ('Fries', 7), ('Steak', 9), ('Burger', 2)]",875.8,-37.80079370000001,144.9798237,0,10.298,15.5020749,Wednesday,0,1
ORDB02306,2018-01-08,19:19:26,Dinner,TP,"[('Salmon', 7), ('Pasta', 1)]",314.5,-37.8182464,144.96628280000004,0,7.704,13.677287,Monday,0,2
ORDB00210,2018-01-21,12:33:48,Lunch,TP,"[('Steak', 7), ('Chicken', 8)]",571.0,-37.799540500000006,144.96349540000003,0,9.863,13.0706688,Sunday,1,1
ORDB06875,2018-01-25,18:49:00,Dinner,TP,"[('Fish&Chips', 5), ('Pasta', 1), ('Salmon', 6), ('Shrimp', 6)]",772.5,-37.8061015,144.95851530000004,0,9.06,14.5930587,Thursday,0,2
ORDY02820,2018-01-05,17:07:36,Dinner,TP,"[('Shrimp', 10), ('Fish&Chips', 10), ('Pasta', 3), ('Salmon', 9)]",1341.5,-37.8234465,144.9785077,0,8.302999999999999,12.5904618,Friday,0,2
ORDC06488,2018-01-11,18:28:43,Dinner,NS,"[('Fish&Chips', 5), ('Salmon', 2), ('Pasta', 4)]",367.0,-37.8025629,144.9610402,0,7.217,15.2591939,Thursday,0,2
ORDA01896,2018-01-16,14:25:21,Lunch,BK,"[('Steak', 4), ('Salad', 10)]",352.0,-37.8220233,144.9539584,0,8.77,14.5214112,Tuesday,0,1
ORDX10080,2018-01-11,18:28:43,Dinner,BK,"[('Fish&Chips', 1), ('Shrimp', 9), ('Pasta', 7), ('Salmon', 3)]",836.5,-37.8033086,144.9615678,0,7.841,16.8287505,Thursday,0,2
ORDC10338,2018-01-29,13:54:55,Lunch,NS,"[('Chicken', 2), ('Fries', 5), ('Steak', 9), ('Burger', 7)]",746.0,-37.8186225,144.9817465,0,8.807,13.8766097,Monday,0,1
ORDC09855,2018-01-16,15:26:11,Lunch,NS,"[('Chicken', 3), ('Steak', 1), ('Fries', 7), ('Burger', 1), ('Salad', 5)]",342.0,-37.80963300000001,144.98915680000005,0,8.478,13.6745073,Tuesday,0,1
ORDB04968,2018-01-04,11:02:32,Breakfast,TP,"[('Eggs', 6), ('Cereal', 10), ('Pancake', 8)]",536.0,-37.81857670000001,144.9637102,0,7.6629999999999985,10.4974989,Thursday,0,0
ORDA09816,2018-01-11,12:13:31,Lunch,BK,"[('Steak', 3), ('Chicken', 7), ('Burger', 6)]",545.0,-37.8054408,145.0013645,0,4.482,10.397980115,Thursday,0,1
ORDJ04839,2018-01-05,17:07:36,Dinner,TP,"[('Salmon', 2), ('Shrimp', 7)]",460.0,-37.8016619,144.9386283,0,11.736,16.392254,Friday,0,2
ORDY01290,2018-01-24,19:49:51,Dinner,TP,"[('Fish&Chips', 8), ('Pasta', 1), ('Shrimp', 8)]",739.5,-37.8187328,145.0038814,0,10.959,14.2490803,Wednesday,0,2
ORDK01090,2018-01-22,18:49:00,Dinner,BK,"[('Fish&Chips', 4), ('Pasta', 1)]",167.5,-37.8111424,144.9731046,0,6.7639999999999985,12.5430657,Monday,0,2
ORDA09977,2018-01-27,20:00:00,Dinner,BK,"[('Pasta', 8), ('Fish&Chips', 3), ('Shrimp', 2), ('Salmon', 2)]",515.0,-37.8177909,144.9321877,0,10.632,18.0828085,Saturday,1,2
ORDB00685,2018-01-23,17:48:10,Dinner,TP,"[('Fish&Chips', 5), ('Salmon', 6), ('Shrimp', 9), ('Pasta', 3)]",989.5,-37.8109254,145.0099629,0,12.337,16.1185201,Tuesday,0,2
ORDK05774,2018-01-15,08:20:16,Breakfast,BK,"[('Coffee', 3), ('Cereal', 7), ('Eggs', 7), ('Pancake', 1)]",347.75,-37.8059414,144.99804609999995,1,4.714,9.8831752,Monday,0,0
ORDB02848,2018-01-07,09:10:59,Breakfast,TP,"[('Coffee', 4), ('Eggs', 8)]",206.0,-37.8161217,144.9725398,0,8.212,10.9763741,Sunday,1,0
ORDX02043,2018-01-12,08:20:16,Breakfast,BK,"[('Coffee', 7), ('Cereal', 9)]",241.5,-37.8071494,144.95907250000005,1,7.835,11.8079176,Friday,0,0
ORDB06647,2018-01-30,18:59:09,Dinner,TP,"[('Fish&Chips', 5), ('Pasta', 4), ('Shrimp', 4)]",501.0,-37.8096433,144.9725187,0,9.134,13.3747473,Tuesday,0,2
ORDC08043,2018-01-19,15:36:20,Lunch,NS,"[('Steak', 1), ('Burger', 3), ('Fries', 3), ('Chicken', 2)]",238.0,-37.8194684,144.96374680000002,0,8.786,16.1250634,Friday,0,1
ORDZ04248,2018-01-24,10:42:15,Breakfast,NS,"[('Cereal', 7), ('Coffee', 4), ('Pancake', 2)]",225.5,-37.8198836,144.9853014,0,9.092,16.0783123,Wednesday,0,0
ORDK02557,2018-01-14,17:27:53,Dinner,BK,"[('Salmon', 9), ('Fish&Chips', 4), ('Pasta', 6), ('Shrimp', 10)]",1214.0,-37.8149493,144.9645132,0,7.669,17.0951248,Sunday,1,2
ORDJ01478,2018-01-02,11:02:32,Breakfast,TP,"[('Cereal', 8), ('Pancake', 8), ('Coffee', 1), ('Eggs', 2)]",413.5,-37.813008,144.9602039,0,8.415,11.434241,Tuesday,0,0
ORDJ05935,2018-01-11,09:21:07,Breakfast,TP,"[('Cereal', 6), ('Coffee', 10), ('Pancake', 4), ('Eggs', 4)]",386.0,-37.8111324,144.9699786,0,8.767999999999999,12.739313,Thursday,0,0
ORDY08651,2018-01-04,14:05:04,Lunch,TP,"[('Fries', 4), ('Chicken', 7), ('Steak', 5)]",497.0,-37.8234574,144.9358566,0,9.954,12.7631179,Thursday,0,1
ORDJ03193,2018-01-24,18:49:00,Dinner,TP,"[('Fish&Chips', 10), ('Shrimp', 3), ('Pasta', 5), ('Salmon', 1)]",690.5,-37.808835,144.98307,0,9.725,14.8325584,Wednesday,0,2
ORDK03861,2018-01-17,08:30:25,Breakfast,BK,"[('Eggs', 2), ('Cereal', 7)]",191.0,-37.8064151,144.9560738,1,8.094,13.8295396,Wednesday,0,0
ORDC02844,2018-01-17,11:32:57,Breakfast,NS,"[('Eggs', 6), ('Pancake', 7), ('Coffee', 2)]",316.75,-37.82145420000001,144.94736519999995,0,9.879,14.7335668,Wednesday,0,0
ORDK08819,2018-01-18,12:33:48,Lunch,BK,"[('Burger', 5), ('Fries', 5), ('Steak', 2), ('Chicken', 3)]",401.0,-37.8014372,144.9567869,0,8.269,14.1247017,Thursday,0,1
ORDI03896,2018-01-27,09:51:32,Breakfast,NS,"[('Cereal', 1), ('Coffee', 9), ('Pancake', 8), ('Eggs', 8)]",458.5,-37.8105838,144.977713,0,7.818,12.7503184,Saturday,1,0
ORDX03349,2018-01-03,13:04:13,Lunch,BK,"[('Steak', 5), ('Salad', 3), ('Burger', 9)]",555.6,-37.8165829,144.9700231,0,7.172999999999999,15.7351366,Wednesday,0,1
ORDC02229,2018-01-01,16:57:27,Dinner,NS,"[('Pasta', 5), ('Salmon', 9), ('Fish&Chips', 10), ('Shrimp', 4)]",1072.5,-37.8248449,144.9535086,0,10.071,15.8722549,Monday,0,2
ORDK05134,2018-01-07,17:17:44,Dinner,BK,"[('Pasta', 9), ('Shrimp', 4), ('Fish&Chips', 9), ('Salmon', 3)]",901.5,-37.8197891,144.9613321,0,8.049,15.691505902,Sunday,1,2
ORDB07924,2018-01-11,15:16:03,Lunch,TP,"[('Chicken', 7), ('Burger', 3), ('Steak', 8), ('Fries', 10)]",797.0,-37.8087913,144.9422183,0,,14.7606176,Thursday,0,1
ORDZ10262,2018-01-20,08:30:25,Breakfast,NS,"[('Coffee', 2), ('Cereal', 4)]",99.0,-37.8051625,144.9296304,0,,17.4589585,Saturday,1,0
ORDI02641,2018-01-14,14:25:21,Lunch,NS,"[('Fries', 7), ('Burger', 2)]",146.0,-37.8176406,145.0058551,0,10.589,18.7735191,Sunday,1,1
ORDC02078,2018-01-22,17:48:10,Dinner,NS,"[('Shrimp', 10), ('Fish&Chips', 7), ('Pasta', 8)]",1005.0,-37.7934235,144.94722919999995,0,9.147,14.8375218,Monday,0,2
ORDC03645,2018-01-09,09:10:59,Breakfast,NS,"[('Eggs', 5), ('Pancake', 2), ('Cereal', 3)]",221.5,-37.8108289,144.9670389,0,7.417999999999998,12.0351724,Tuesday,0,0
ORDB03980,2018-01-21,09:41:24,Breakfast,TP,"[('Eggs', 5), ('Pancake', 7), ('Coffee', 8), ('Cereal', 5)]",444.75,-37.8067428,144.9322051,0,,13.5047317,Sunday,1,0
ORDY10869,2018-01-11,14:15:12,Lunch,TP,"[('Burger', 5), ('Steak', 7), ('Salad', 4), ('Fries', 6), ('Chicken', 2)]",674.8,-37.8177322,144.9918048,0,9.855,13.1061114,Thursday,0,1
ORDJ00797,2018-01-16,08:30:25,Breakfast,TP,"[('Coffee', 7), ('Pancake', 5), ('Eggs', 4), ('Cereal', 3)]",324.75,-37.8148815,144.964664,1,8.149,11.3852424,Tuesday,0,0
ORDY05912,2018-01-21,16:37:10,Dinner,TP,"[('Pasta', 10), ('Salmon', 4), ('Shrimp', 4)]",655.0,-37.8196958,144.94689730000005,0,9.144,12.7827187,Sunday,1,2
ORDJ10054,2018-01-17,12:23:39,Lunch,TP,"[('Salad', 3), ('Chicken', 9), ('Steak', 4), ('Fries', 4)]",567.6,-37.803875,144.95836469999998,0,9.262,13.126701369,Wednesday,0,1
ORDB04402,2018-01-11,09:21:07,Breakfast,TP,"[('Cereal', 8), ('Eggs', 4), ('Coffee', 2), ('Pancake', 6)]",416.5,-37.8160461,144.97222040000003,0,8.189,12.3659217,Thursday,0,0
ORDJ01117,2018-01-04,16:06:45,Dinner,TP,"[('Fish&Chips', 4), ('Shrimp', 3), ('Pasta', 2)]",357.0,-37.8241227,144.9588148,0,7.874,12.0202485,Thursday,0,2
ORDJ09858,2018-01-05,17:07:36,Dinner,TP,"[('Fish&Chips', 6), ('Shrimp', 3), ('Pasta', 4)]",482.0,-37.8083117,144.9558406,0,9.07,13.354143,Friday,0,2
ORDK06045,2018-01-29,20:00:00,Dinner,BK,"[('Salmon', 2), ('Pasta', 3), ('Fish&Chips', 7)]",409.5,-37.8162679,144.9372252,0,,19.3296268,Monday,0,2
ORDJ05260,2018-01-03,08:00:00,Breakfast,TP,"[('Coffee', 8), ('Eggs', 1), ('Cereal', 1), ('Pancake', 1)]",127.25,-37.8135741,144.94118480000003,1,10.013,12.7228862,Wednesday,0,0
ORDK03170,2018-01-17,13:24:30,Lunch,BK,"[('Chicken', 7), ('Salad', 1), ('Steak', 6)]",511.2,-37.8122144,144.92818359999995,0,11.576,19.9689857,Wednesday,0,1
ORDA05290,2018-01-24,10:42:15,Breakfast,BK,"[('Eggs', 6), ('Pancake', 3), ('Cereal', 8), ('Coffee', 10)]",447.75,-37.818102,144.9317802,0,10.565,18.3317323,Wednesday,0,0
ORDC00479,2018-01-08,17:17:44,Dinner,NS,"[('Fish&Chips', 7), ('Pasta', 7)]",437.5,-37.819402,144.9611183,0,,14.696454,Monday,0,2
ORDA00928,2018-01-17,15:36:20,Lunch,BK,"[('Chicken', 1), ('Burger', 2), ('Salad', 6), ('Steak', 7), ('Fries', 10)]",632.2,-37.8173782,144.95609,0,8.476,14.4739852,Wednesday,0,1
ORDC04518,2018-01-26,08:40:33,Breakfast,NS,"[('Pancake', 9), ('Eggs', 10), ('Coffee', 3)]",460.75,-37.8039824,145.0075865,0,9.814,14.6462524,Friday,0,0
ORDA02884,2018-01-13,13:24:30,Lunch,BK,"[('Steak', 7), ('Chicken', 5), ('Salad', 4)]",543.8,-37.805043100000006,144.9712845,0,7.04,12.9016072,Saturday,1,1
ORDC10597,2018-01-04,16:06:45,Dinner,NS,"[('Shrimp', 6), ('Pasta', 4)]",434.0,-37.8113803,144.9597365,0,7.862999999999999,14.0700679,Thursday,0,2
ORDI04083,2018-01-09,08:10:08,Breakfast,NS,"[('Pancake', 4), ('Cereal', 7), ('Eggs', 9)]",442.0,-37.810906,144.9671561,1,7.422999999999999,12.2837946,Tuesday,0,0
ORDY04029,2018-01-04,13:04:13,Lunch,TP,"[('Burger', 5), ('Fries', 5), ('Salad', 2), ('Chicken', 9)]",537.4,-37.8051001,144.9493409,0,9.711,13.2245696,Thursday,0,1
ORDY10319,2018-01-19,19:39:43,Dinner,TP,"[('Fish&Chips', 5), ('Shrimp', 9)]",661.0,-37.816818100000006,144.9318271,0,10.871,14.8786887,Friday,0,2
ORDK06710,2018-01-07,13:14:21,Lunch,BK,"[('Salad', 8), ('Steak', 1)]",182.6,-37.8036459,144.9490246,0,8.877,15.3717133,Sunday,1,1
ORDK08124,2018-01-18,19:39:43,Dinner,BK,"[('Fish&Chips', 7), ('Salmon', 2), ('Pasta', 6)]",492.0,-37.8097732,144.9474216,0,9.043,16.3750522,Thursday,0,2
ORDK07699,2018-01-23,16:47:19,Dinner,BK,"[('Shrimp', 7), ('Salmon', 4), ('Fish&Chips', 9), ('Pasta', 4)]",967.0,-37.8150656,144.9616574,0,,17.1741385,Tuesday,0,2
ORDK04578,2018-01-06,14:05:04,Lunch,BK,"[('Burger', 1), ('Chicken', 9), ('Steak', 2), ('Salad', 4), ('Fries', 5)]",537.8,-37.82048220000001,144.99480559999995,0,5.5120000000000005,11.1648824,Saturday,1,1
ORDX06702,2018-01-23,14:45:38,Lunch,BK,"[('Steak', 1), ('Fries', 9), ('Burger', 1)]",184.0,-37.811785,144.9887435,0,5.31,11.5829174,Tuesday,0,1
ORDX02702,2018-01-24,17:48:10,Dinner,BK,"[('Salmon', 1), ('Pasta', 5)]",178.5,-37.8204521,144.966533,0,7.915,15.416111686,Wednesday,0,2
ORDK08481,2018-01-23,09:41:24,Breakfast,BK,"[('Coffee', 6), ('Pancake', 9), ('Cereal', 9)]",452.25,-37.805324,144.933267,0,10.387,15.7759536,Tuesday,0,0
ORDX00113,2018-01-23,14:45:38,Lunch,BK,"[('Chicken', 9), ('Fries', 3), ('Salad', 8)]",461.6,-37.8144895,144.97217880000005,0,6.978,12.4851873,Tuesday,0,1
ORDC09679,2018-01-11,12:13:31,Lunch,NS,"[('Salad', 2), ('Chicken', 9), ('Burger', 8), ('Steak', 7), ('Fries', 1)]",897.4,-37.8263639,144.9518351,0,10.121,16.175922426,Thursday,0,1
ORDC05145,2018-01-28,12:54:05,Lunch,NS,"[('Fries', 7), ('Chicken', 5), ('Steak', 10), ('Burger', 5)]",849.0,-37.8089529,144.9463694,0,8.937999999999997,14.3668927,Sunday,1,1
ORDZ10199,2018-01-31,17:58:18,Dinner,NS,"[('Salmon', 5), ('Fish&Chips', 7), ('Shrimp', 2)]",558.0,-37.81549,144.99645230000004,0,9.628,15.8528119,Wednesday,0,2
ORDJ10506,2018-01-05,19:09:17,Dinner,TP,"[('Shrimp', 4), ('Salmon', 7), ('Pasta', 8), ('Fish&Chips', 9)]",1038.0,-37.822562,144.9582048,0,,11.9460416,Friday,0,2
ORDX07977,2018-01-15,12:23:39,Lunch,BK,"[('Salad', 10), ('Steak', 5), ('Chicken', 9), ('Burger', 3), ('Fries', 5)]",838.0,-37.80828220000001,144.97134330000003,0,7.131,13.0668614,Monday,0,1
ORDB03263,2018-01-21,09:41:24,Breakfast,TP,"[('Cereal', 7), ('Eggs', 3), ('Pancake', 8), ('Coffee', 8)]",467.0,-37.8190211,144.9562425,0,,10.9435354,Sunday,1,0
ORDB07145,2018-01-26,19:49:51,Dinner,TP,"[('Fish&Chips', 3), ('Salmon', 10), ('Pasta', 7), ('Shrimp', 2)]",815.5,-37.8051431,144.9573951,0,9.236,13.2527327,Friday,0,2
ORDI00196,2018-01-22,16:47:19,Dinner,NS,"[('Pasta', 6), ('Fish&Chips', 10), ('Salmon', 5), ('Shrimp', 10)]",1260.0,-37.8019292,144.9367901,0,9.532,17.4986407,Monday,0,2
ORDK02125,2018-01-17,14:25:21,Lunch,BK,"[('Steak', 8), ('Fries', 4)]",408.0,-37.8188687,144.9442427,0,9.664,15.3552157,Wednesday,0,1
ORDZ09583,2018-01-08,18:18:35,Dinner,NS,"[('Fish&Chips', 1), ('Shrimp', 5), ('Salmon', 8), ('Pasta', 9)]",880.5,-37.8171151,144.9700939,0,,14.3394938,Monday,0,2
ORDK00415,2018-01-08,14:15:12,Lunch,BK,"[('Salad', 8), ('Burger', 5)]",292.6,-37.8137929,144.9421197,0,9.539,17.515538,Monday,0,1
ORDB07225,2018-01-04,19:09:17,Dinner,TP,"[('Shrimp', 7), ('Pasta', 1), ('Fish&Chips', 6), ('Salmon', 5)]",820.5,-37.8106985,144.9831396,0,9.448,12.9704178,Thursday,0,2
ORDY02012,2018-01-29,14:55:46,Lunch,TP,"[('Salad', 10), ('Steak', 1), ('Fries', 3), ('Chicken', 10)]",573.0,-37.8173887,144.9674374,0,7.747000000000001,12.6389576,Monday,0,1
ORDA08661,2018-01-22,12:33:48,Lunch,BK,"[('Steak', 8), ('Chicken', 5), ('Burger', 7), ('Fries', 10)]",857.0,-37.8085463,144.95879440000004,0,7.8439999999999985,13.3686473,Monday,0,1
ORDC01098,2018-01-08,17:17:44,Dinner,NS,"[('Salmon', 2), ('Shrimp', 6), ('Fish&Chips', 1)]",441.0,-37.8183822,144.9606004,0,8.773,15.2468693,Monday,0,2
ORDC10694,2018-01-20,12:33:48,Lunch,NS,"[('Chicken', 5), ('Salad', 3)]",211.6,-37.802124,144.9569967,0,7.523,14.9681741,Saturday,1,1
ORDC08384,2018-01-10,14:15:12,Lunch,NS,"[('Steak', 5), ('Fries', 10)]",345.0,-37.8058959,144.9430475,0,9.166,14.2400335,Wednesday,0,1
ORDJ02104,2018-01-21,18:38:52,Dinner,TP,"[('Pasta', 8), ('Salmon', 10)]",630.0,-37.8081803,144.97663559999995,0,9.289,14.01958204,Sunday,1,2
ORDA08185,2018-01-24,09:41:24,Breakfast,BK,"[('Cereal', 9), ('Eggs', 8)]",365.0,-37.8115895,145.00639030000005,0,3.613,10.8318419,Wednesday,0,0
ORDX07290,2018-01-29,10:52:23,Breakfast,BK,"[('Eggs', 5), ('Cereal', 1), ('Pancake', 1)]",155.25,-37.8169522,144.96510049999995,0,7.724,12.974727,Monday,0,0
ORDB06433,2018-01-12,12:13:31,Lunch,TP,"[('Fries', 8), ('Salad', 6), ('Chicken', 8)]",455.2,-37.8026551,144.9651658,0,9.542,14.9698721,Friday,0,1
ORDX07103,2018-01-23,14:45:38,Lunch,BK,"[('Burger', 9), ('Chicken', 2)]",343.0,-37.8239578,144.98264740000005,0,6.8420000000000005,12.8109668,Tuesday,0,1
ORDI05272,2018-01-16,17:27:53,Dinner,NS,"[('Fish&Chips', 1), ('Salmon', 9), ('Pasta', 2)]",459.0,-37.82351420000001,144.9954167,0,10.131,15.8922836,Tuesday,0,2
ORDY04536,2018-01-07,17:17:44,Dinner,TP,"[('Pasta', 10), ('Fish&Chips', 9)]",590.0,-37.8257249,144.9602395,0,7.932,14.3121665,Sunday,1,2
ORDY01837,2018-01-21,15:36:20,Lunch,TP,"[('Salad', 9), ('Fries', 5), ('Steak', 3), ('Burger', 6), ('Chicken', 1)]",567.8,-37.8099904,144.939743,0,10.566,13.8000365,Sunday,1,1
ORDX03611,2018-01-04,17:07:36,Dinner,BK,"[('Pasta', 2), ('Fish&Chips', 5), ('Salmon', 6)]",476.0,-37.8086953,144.94213069999995,0,,17.1644642,Thursday,0,2
ORDK05106,2018-01-13,17:27:53,Dinner,BK,"[('Pasta', 2), ('Salmon', 2), ('Fish&Chips', 5), ('Shrimp', 4)]",528.0,-37.82061160000001,144.9573475,0,8.49,16.196160261,Saturday,1,2
ORDA02246,2018-01-30,17:58:18,Dinner,BK,"[('Fish&Chips', 4), ('Pasta', 5)]",277.5,-37.8198472,144.9809584,0,6.625,13.2917164,Tuesday,0,2
ORDC10070,2018-01-03,08:00:00,Breakfast,NS,"[('Eggs', 2), ('Pancake', 4), ('Cereal', 6)]",267.0,-37.813523,144.941156,1,9.5,14.1008596,Wednesday,0,0
ORDI03674,2018-01-11,18:18:35,Dinner,NS,"[('Pasta', 8), ('Shrimp', 10)]",760.0,-37.802779,144.9592497,0,7.367000000000001,15.5256124,Thursday,0,2
ORDX10244,2018-01-19,10:32:06,Breakfast,BK,"[('Coffee', 6), ('Pancake', 8), ('Cereal', 5), ('Eggs', 9)]",542.0,-37.8151166,144.952238,0,8.604,14.02534442,Friday,0,0
ORDK05255,2018-01-30,15:56:37,Lunch,BK,"[('Steak', 7), ('Chicken', 10), ('Burger', 1), ('Salad', 2)]",700.4,-37.81056629999999,144.9433791,0,,16.9589831,Tuesday,0,1
ORDK01423,2018-01-25,08:40:33,Breakfast,BK,"[('Pancake', 10), ('Cereal', 6), ('Eggs', 7)]",522.5,-37.8103271,144.961445,0,7.614,12.4570822,Thursday,0,0
ORDA06694,2018-01-28,12:54:05,Lunch,BK,"[('Burger', 3), ('Chicken', 2), ('Fries', 6), ('Steak', 10)]",679.0,-37.8096098,144.95528090000005,0,8.236,14.3614999,Sunday,1,1
ORDB01782,2018-01-13,15:26:11,Lunch,TP,"[('Steak', 5), ('Salad', 5), ('Fries', 3)]",347.0,-37.79978300000001,144.9633493,0,9.852,13.3521078,Saturday,1,1
ORDX06917,2018-01-06,14:05:04,Lunch,BK,"[('Chicken', 8), ('Burger', 6), ('Fries', 8)]",538.0,-37.82048220000001,144.99480559999995,0,5.5120000000000005,11.5308019,Saturday,1,1
ORDY08436,2018-01-29,15:56:37,Lunch,TP,"[('Steak', 1), ('Burger', 2), ('Salad', 10)]",279.0,-37.811661,144.95629240000005,0,,11.857573,Monday,0,1
ORDK05976,2018-01-14,11:22:49,Breakfast,BK,"[('Coffee', 4), ('Eggs', 9)]",228.0,-37.8214149,144.9849781,0,,14.1855326,Sunday,1,0
ORDI03402,2018-01-12,16:27:02,Dinner,NS,"[('Salmon', 1), ('Pasta', 10), ('Fish&Chips', 9), ('Shrimp', 5)]",901.0,-37.8074024,144.9423104,0,9.375,16.0107499,Friday,0,2
ORDX05071,2018-01-03,12:03:22,Lunch,BK,"[('Salad', 8), ('Fries', 8)]",233.6,-37.8058271,144.9594536,0,7.7810000000000015,13.8418632,Wednesday,0,1
ORDI04050,2018-01-17,08:30:25,Breakfast,NS,"[('Coffee', 10), ('Eggs', 3), ('Cereal', 2), ('Pancake', 3)]",255.75,-37.8081468,144.9342466,1,,15.3133628,Wednesday,0,0
ORDX05850,2018-01-24,19:49:51,Dinner,BK,"[('Fish&Chips', 10), ('Salmon', 1), ('Shrimp', 4), ('Pasta', 9)]",854.5,-37.8184561,145.005315,0,4.354,11.114073,Wednesday,0,2
ORDC05822,2018-01-06,18:18:35,Dinner,NS,"[('Shrimp', 6), ('Fish&Chips', 9), ('Pasta', 4)]",749.0,-37.80739570000001,144.9709222,0,6.909,13.4775892,Saturday,1,2
ORDK07074,2018-01-14,17:27:53,Dinner,BK,"[('Fish&Chips', 5), ('Shrimp', 2), ('Pasta', 8)]",503.0,-37.8108133,144.9385349,0,9.953,19.3536013,Sunday,1,2
ORDY04789,2018-01-26,10:42:15,Breakfast,TP,"[('Eggs', 10), ('Coffee', 7)]",272.5,-37.8055329,144.9734372,0,9.516,11.8137173,Friday,0,0
ORDZ01496,2018-01-25,18:49:00,Dinner,NS,"[('Fish&Chips', 8), ('Salmon', 8), ('Pasta', 2), ('Shrimp', 8)]",1095.0,-37.8060922,144.95843269999997,0,7.724,16.2272542,Thursday,0,2
ORDX04475,2018-01-20,15:36:20,Lunch,BK,"[('Chicken', 6), ('Steak', 4), ('Salad', 8), ('Burger', 1), ('Fries', 2)]",564.6,-37.8014312,144.9797686,0,6.737,12.7704012,Saturday,1,1
ORDJ07133,2018-01-23,15:46:28,Lunch,TP,"[('Fries', 7), ('Burger', 10), ('Steak', 10), ('Chicken', 6), ('Salad', 6)]",1139.2,-37.8110771,144.9502074,0,9.322,13.172638556,Tuesday,0,1
ORDB01794,2018-01-22,13:34:38,Lunch,TP,"[('Chicken', 4), ('Salad', 3), ('Steak', 2), ('Fries', 1)]",281.6,-37.8061658,144.9995386,0,12.765999999999998,15.8654646,Monday,0,1
ORDA07946,2018-01-04,15:05:54,Lunch,BK,"[('Chicken', 1), ('Salad', 7), ('Burger', 9)]",431.4,-37.8197253,144.9514006,0,8.955,17.4994287,Thursday,0,1
ORDB10713,2018-01-10,15:16:03,Lunch,TP,"[('Chicken', 9), ('Fries', 7)]",372.0,-37.8121425,144.9739206,0,8.777999999999999,12.756141399,Wednesday,0,1
ORDA08166,2018-01-22,13:44:47,Lunch,BK,"[('Steak', 8), ('Chicken', 3), ('Salad', 10), ('Fries', 4), ('Burger', 4)]",800.0,-37.8103201,145.0147918,0,4.175,9.8224959,Monday,0,1
ORDZ06303,2018-01-28,08:50:42,Breakfast,NS,"[('Coffee', 9), ('Eggs', 2), ('Pancake', 6)]",257.0,-37.81055429999999,144.93821440000005,0,,16.6209936,Sunday,1,0
ORDB01359,2018-01-05,16:06:45,Dinner,TP,"[('Shrimp', 9), ('Fish&Chips', 3), ('Pasta', 4)]",701.0,-37.8149857,144.9274207,0,11.821,15.9328972,Friday,0,2
ORDJ05651,2018-01-20,09:31:16,Breakfast,TP,"[('Cereal', 3), ('Eggs', 9)]",261.0,-37.8034238,144.9540106,0,9.645,11.8897415,Saturday,1,0
ORDB01325,2018-01-08,16:16:54,Dinner,TP,"[('Pasta', 4), ('Shrimp', 4), ('Salmon', 4), ('Fish&Chips', 6)]",700.0,-37.8210245,144.9767611,0,8.711,13.554846692,Monday,0,2
ORDX00228,2018-01-19,09:31:16,Breakfast,BK,"[('Eggs', 9), ('Coffee', 10), ('Cereal', 2), ('Pancake', 7)]",484.75,-37.8086441,144.9628946,0,7.544,12.4722155,Friday,0,0
ORDK00775,2018-01-17,09:31:16,Breakfast,BK,"[('Eggs', 4), ('Coffee', 6), ('Pancake', 1), ('Cereal', 9)]",346.25,-37.8042915,144.9498092,0,8.891,16.3783421,Wednesday,0,0
ORDB11092,2018-01-27,10:42:15,Breakfast,TP,"[('Coffee', 4), ('Cereal', 1)]",51.0,-37.8125285,144.9538705,0,8.845,11.1452882,Saturday,1,0
ORDX00075,2018-01-11,11:12:40,Breakfast,BK,"[('Cereal', 3), ('Pancake', 2), ('Coffee', 4)]",141.5,-37.8317585,144.9649035,0,9.093,14.007838,Thursday,0,0
ORDI03715,2018-01-10,17:17:44,Dinner,NS,"[('Pasta', 5), ('Fish&Chips', 3)]",242.5,-37.8126938,144.95261340000005,0,8.573,14.5074537,Wednesday,0,2
ORDJ01909,2018-01-17,12:23:39,Lunch,TP,"[('Fries', 6), ('Chicken', 9), ('Steak', 2), ('Burger', 10)]",760.0,-37.8268424,144.955345,0,8.258,12.358019117,Wednesday,0,1
ORDC09967,2018-01-13,10:21:58,Breakfast,NS,"[('Eggs', 1), ('Pancake', 6), ('Cereal', 10), ('Coffee', 1)]",385.0,-37.821922,144.97379850000004,0,9.138,14.0755401,Saturday,1,0
ORDY00744,2018-01-30,13:54:55,Lunch,TP,"[('Burger', 8), ('Steak', 3)]",383.0,-37.81555820000001,144.9667107,0,7.967,12.135223763,Tuesday,0,1
ORDK06138,2018-01-24,12:43:56,Lunch,BK,"[('Burger', 10), ('Chicken', 4), ('Salad', 10), ('Steak', 3)]",745.0,-37.8228795,144.9806268,0,,12.891132,Wednesday,0,1
ORDY05730,2018-01-10,08:10:08,Breakfast,TP,"[('Eggs', 6), ('Coffee', 3)]",154.5,-37.8139544,144.963645,1,8.062000000000001,10.978515,Wednesday,0,0
ORDC07807,2018-01-30,11:53:14,Breakfast,NS,"[('Eggs', 1), ('Pancake', 5)]",143.25,-37.8153878,144.9632926,0,8.402000000000001,14.054605717,Tuesday,0,0
ORDK09364,2018-01-27,09:51:32,Breakfast,BK,"[('Coffee', 4), ('Eggs', 1), ('Cereal', 6)]",178.0,-37.8219199,144.9725456,0,8.095,12.7737022,Saturday,1,0
ORDJ09367,2018-01-13,10:21:58,Breakfast,TP,"[('Coffee', 10), ('Eggs', 5)]",185.0,-37.8031543,144.9555269,0,,12.1466098,Saturday,1,0
ORDY02987,2018-01-28,15:56:37,Lunch,TP,"[('Burger', 1), ('Fries', 2), ('Steak', 9), ('Salad', 6), ('Chicken', 8)]",819.2,-37.8127679,144.9485439,0,10.303,13.7891261,Sunday,1,1
ORDB09094,2018-01-21,08:30:25,Breakfast,TP,"[('Coffee', 3), ('Cereal', 5), ('Eggs', 5), ('Pancake', 7)]",407.25,-37.800116,144.9711949,0,10.056,14.6102094,Sunday,1,0
ORDZ01545,2018-01-01,17:07:36,Dinner,NS,"[('Fish&Chips', 8), ('Pasta', 5), ('Salmon', 2), ('Shrimp', 4)]",715.5,-37.8110812,144.9780233,0,7.82,13.8017936,Monday,0,2
ORDA09042,2018-01-09,14:15:12,Lunch,BK,"[('Steak', 9), ('Salad', 9), ('Burger', 3), ('Fries', 9)]",760.8,-37.8206475,144.95396680000005,0,8.714,15.1087821,Tuesday,0,1
ORDX05748,2018-01-30,11:53:14,Breakfast,BK,"[('Cereal', 5), ('Pancake', 6), ('Eggs', 3), ('Coffee', 7)]",369.0,-37.8211908,144.9760202,0,7.472,13.1081852,Tuesday,0,0
ORDY07886,2018-01-20,09:41:24,Breakfast,TP,"[('Coffee', 1), ('Eggs', 6), ('Cereal', 5)]",244.5,-37.81406120000001,144.9999996,0,10.964,13.2083573,Saturday,1,0
ORDK02505,2018-01-30,10:52:23,Breakfast,BK,"[('Pancake', 2), ('Eggs', 7), ('Coffee', 1)]",210.0,-37.8161974,144.9639882,0,7.766,12.544051,Tuesday,0,0
ORDA09818,2018-01-22,13:44:47,Lunch,BK,"[('Fries', 1), ('Steak', 3), ('Chicken', 9), ('Burger', 4)]",559.0,-37.81077360000001,145.01552130000005,0,4.417,9.7933065,Monday,0,1
ORDX01329,2018-01-13,12:23:39,Lunch,BK,"[('Fries', 4), ('Salad', 7), ('Burger', 4), ('Steak', 4)]",472.4,-37.8085074,144.9593706,0,7.797999999999999,16.5557359,Saturday,1,1
ORDA07760,2018-01-16,14:25:21,Lunch,BK,"[('Steak', 1), ('Chicken', 8)]",301.0,-37.8226174,144.9518009,0,8.972999999999997,14.8658117,Tuesday,0,1
ORDC08326,2018-01-18,11:32:57,Breakfast,NS,"[('Coffee', 4), ('Eggs', 8)]",206.0,-37.81325020000001,144.97394169999995,0,7.66,12.8209517,Thursday,0,0
ORDI07220,2018-01-29,13:54:55,Lunch,NS,"[('Salad', 3), ('Fries', 2)]",75.6,-37.818636100000006,144.97886630000005,0,8.574,13.6956791,Monday,0,1
ORDK01515,2018-01-03,13:04:13,Lunch,BK,"[('Burger', 10), ('Chicken', 8)]",566.0,-37.8051282,144.97233219999995,0,6.937,15.4764623,Wednesday,0,1
ORDJ04271,2018-01-02,08:00:00,Breakfast,TP,"[('Pancake', 3), ('Coffee', 5), ('Cereal', 8)]",278.25,-37.8134616,144.944369,1,9.68,12.596728617,Tuesday,0,0
ORDY08788,2018-01-20,16:37:10,Dinner,TP,"[('Shrimp', 10), ('Pasta', 7), ('Fish&Chips', 4)]",872.5,-37.7865539,145.0197062,0,15.763,18.7761929,Saturday,1,2
ORDA01656,2018-01-07,15:16:03,Lunch,BK,"[('Burger', 6), ('Steak', 1), ('Chicken', 1), ('Salad', 9)]",417.8,-37.8101985,144.96151719999997,0,7.602,13.390936,Sunday,1,1
ORDC01691,2018-01-10,17:17:44,Dinner,NS,"[('Fish&Chips', 4), ('Salmon', 1), ('Shrimp', 9)]",667.0,-37.81248220000001,144.95334680000005,0,8.516,14.0684274,Wednesday,0,2
ORDC00490,2018-01-02,15:05:54,Lunch,NS,"[('Fries', 8), ('Steak', 2), ('Chicken', 7), ('Burger', 7)]",627.0,-37.8009721,144.98151059999995,0,7.189,12.761258,Tuesday,0,1
ORDZ02080,2018-01-17,15:36:20,Lunch,NS,"[('Steak', 2), ('Chicken', 1), ('Burger', 8), ('Salad', 7), ('Fries', 5)]",550.4,-37.8173698,144.9658133,0,8.39,14.0960633,Wednesday,0,1
ORDB02724,2018-01-08,11:12:40,Breakfast,TP,"[('Eggs', 9), ('Cereal', 9)]",387.0,-37.8080366,144.9689175,0,9.109,12.8444686,Monday,0,0
ORDJ07533,2018-01-28,13:54:55,Lunch,TP,"[('Fries', 9), ('Chicken', 2), ('Salad', 9)]",326.8,-37.8165987,144.9331971,0,11.486,14.1890746,Sunday,1,1
ORDC04636,2018-01-18,13:34:38,Lunch,NS,"[('Salad', 9), ('Burger', 1), ('Steak', 10)]",635.8,-37.8131308,144.97394219999995,0,7.652,13.1197398,Thursday,0,1
ORDC11101,2018-01-07,16:16:54,Dinner,NS,"[('Salmon', 5), ('Pasta', 4)]",315.0,-37.8208084,144.9772272,0,8.81,14.5791674,Sunday,1,2
ORDJ05598,2018-01-10,14:15:12,Lunch,TP,"[('Steak', 9), ('Fries', 9), ('Salad', 2)]",547.4,-37.82077750000001,145.0016332,0,10.872,13.5488481,Wednesday,0,1
ORDI02215,2018-01-22,18:49:00,Dinner,NS,"[('Shrimp', 10), ('Salmon', 8), ('Pasta', 4)]",978.0,-37.8070505,144.9712139,0,6.892,12.8830834,Monday,0,2
ORDC08474,2018-01-31,20:00:00,Dinner,NS,"[('Pasta', 1), ('Salmon', 7)]",314.5,-37.8041779,144.95850330000005,0,7.529,13.6386549,Wednesday,0,2
ORDI07704,2018-01-27,08:50:42,Breakfast,NS,"[('Pancake', 7), ('Cereal', 5), ('Eggs', 9), ('Coffee', 7)]",525.25,-37.799333,144.963155,0,6.892,13.9487706,Saturday,1,0
ORDA11050,2018-01-04,19:09:17,Dinner,BK,"[('Salmon', 4), ('Fish&Chips', 1), ('Pasta', 3)]",281.5,-37.8064471,144.9325031,0,10.341,17.2737202,Thursday,0,2
ORDI09105,2018-01-27,16:57:27,Dinner,NS,"[('Shrimp', 9), ('Pasta', 1)]",513.5,-37.8016383,144.9690525,0,,12.3097152,Saturday,1,2
ORDA00335,2018-01-17,19:39:43,Dinner,BK,"[('Fish&Chips', 10), ('Shrimp', 6), ('Salmon', 4), ('Pasta', 4)]",948.0,-37.8216558,144.9350325,0,10.7,17.7041268,Wednesday,0,2
ORDZ02557,2018-01-20,15:36:20,Lunch,NS,"[('Burger', 6), ('Chicken', 10), ('Salad', 3)]",557.6,-37.8028513,144.9473439,0,8.462,13.8619341,Saturday,1,1
ORDI07115,2018-01-09,09:10:59,Breakfast,NS,"[('Cereal', 1), ('Eggs', 2), ('Coffee', 2), ('Pancake', 10)]",322.5,-37.81481289999999,144.9688716,0,7.879,12.9035237,Tuesday,0,0
ORDY04300,2018-01-06,10:01:41,Breakfast,TP,"[('Cereal', 3), ('Coffee', 1), ('Pancake', 2), ('Eggs', 3)]",185.0,-37.8129912,144.952109,0,9.014,11.7048642,Saturday,1,0
ORDB03855,2018-01-25,11:43:05,Breakfast,TP,"[('Coffee', 10), ('Cereal', 10), ('Pancake', 3)]",357.75,-37.81873289999999,144.953416,0,8.507,11.5964108,Thursday,0,0
ORDK08675,2018-01-29,13:54:55,Lunch,BK,"[('Salad', 7), ('Burger', 7), ('Steak', 10)]",787.4,-37.8254016,145.0142044,0,,10.3526093,Monday,0,1
ORDI10706,2018-01-01,10:52:23,Breakfast,NS,"[('Pancake', 3), ('Coffee', 5), ('Eggs', 5), ('Cereal', 9)]",409.25,-37.800751700000006,145.00220009999995,0,9.161,15.9957563,Monday,0,0
ORDI01672,2018-01-13,19:29:34,Dinner,NS,"[('Pasta', 4), ('Salmon', 4), ('Fish&Chips', 3)]",379.0,-37.80954000000001,144.96268490000003,0,7.535,13.516445,Saturday,1,2
ORDI00874,2018-01-17,16:37:10,Dinner,NS,"[('Pasta', 7), ('Salmon', 4), ('Shrimp', 8)]",788.5,-37.8245751,144.94313490000005,0,10.612,16.9176016,Wednesday,0,2
ORDC06152,2018-01-06,15:05:54,Lunch,NS,"[('Steak', 1), ('Burger', 2), ('Chicken', 8), ('Salad', 4)]",431.8,-37.8083323,145.00051230000003,0,9.359,15.69437526,Saturday,1,1
ORDK02083,2018-01-14,18:28:43,Dinner,BK,"[('Pasta', 7), ('Shrimp', 9)]",678.5,-37.80096210000001,144.9628676,0,,15.135243,Sunday,1,2
ORDB00755,2018-01-28,15:56:37,Lunch,TP,"[('Burger', 8), ('Steak', 10)]",698.0,-37.8142102,144.96313590000003,0,8.025,11.1255789,Sunday,1,1
ORDZ09823,2018-01-22,10:32:06,Breakfast,NS,"[('Coffee', 1), ('Pancake', 3), ('Cereal', 5)]",185.25,-37.807182,144.9727341,0,7.026,11.8184705,Monday,0,0
ORDA10229,2018-01-21,13:34:38,Lunch,BK,"[('Salad', 7), ('Steak', 5), ('Chicken', 10)]",665.4,-37.8044471,144.9616909,0,7.715,13.6599747,Sunday,1,1
ORDK10631,2018-01-11,14:15:12,Lunch,BK,"[('Salad', 5), ('Steak', 1), ('Chicken', 7)]",355.0,-37.8166139,145.00573269999995,0,4.136,9.8910735,Thursday,0,1
ORDJ09048,2018-01-16,16:27:02,Dinner,TP,"[('Fish&Chips', 9), ('Salmon', 4), ('Shrimp', 3)]",641.0,-37.8212395,144.9574733,0,7.972,12.98905368,Tuesday,0,2
ORDB06084,2018-01-30,17:58:18,Dinner,TP,"[('Pasta', 1), ('Fish&Chips', 10), ('Shrimp', 3)]",539.5,-37.81112529999999,144.93695559999995,0,10.469,14.7793151,Tuesday,0,2
ORDB07092,2018-01-27,12:43:56,Lunch,TP,"[('Burger', 2), ('Fries', 1), ('Chicken', 10)]",394.0,-37.805486,144.95227690000004,0,9.515,14.1601692,Saturday,1,1
ORDJ10645,2018-01-28,08:50:42,Breakfast,TP,"[('Cereal', 8), ('Pancake', 3)]",240.75,-37.8102036,144.9370154,0,10.447,14.4796812,Sunday,1,0
ORDI08913,2018-01-29,08:50:42,Breakfast,NS,"[('Coffee', 10), ('Cereal', 1), ('Pancake', 7), ('Eggs', 9)]",463.75,-37.8240812,144.93533090000003,0,10.943,16.2830937,Monday,0,0
ORDK03666,2018-01-20,11:32:57,Breakfast,BK,"[('Cereal', 6), ('Pancake', 5)]",247.25,-37.8062827,144.9584448,0,7.854,12.9567854,Saturday,1,0
ORDB00651,2018-01-20,17:38:01,Dinner,TP,"[('Pasta', 4), ('Salmon', 6), ('Shrimp', 4)]",572.0,-37.81540579999999,144.97757380000004,0,8.693999999999999,14.3356674,Saturday,1,2
ORDZ00329,2018-01-16,14:25:21,Lunch,NS,"[('Chicken', 3), ('Salad', 4), ('Steak', 10)]",614.8,-37.80108120000001,145.0146905,0,10.401,16.468708054,Tuesday,0,1
ORDA04507,2018-01-23,19:49:51,Dinner,BK,"[('Pasta', 1), ('Salmon', 5)]",232.5,-37.8036034,144.9815875,0,6.461,15.9828477,Tuesday,0,2
ORDX07632,2018-01-13,19:29:34,Dinner,BK,"[('Shrimp', 8), ('Pasta', 6), ('Fish&Chips', 1), ('Salmon', 8)]",960.0,-37.8188302,144.9567625,0,8.487,15.3544756,Saturday,1,2
ORDZ11023,2018-01-03,10:01:41,Breakfast,NS,"[('Cereal', 9), ('Coffee', 7), ('Eggs', 8), ('Pancake', 4)]",514.5,-37.7987726,144.989628,0,8.094,14.9214547,Wednesday,0,0
ORDB08415,2018-01-18,15:36:20,Lunch,TP,"[('Steak', 10), ('Salad', 8), ('Fries', 7), ('Burger', 8), ('Chicken', 1)]",951.6,-37.8095461,145.0017033,0,11.298,15.7189419,Thursday,0,1
ORDY03572,2018-01-12,12:13:31,Lunch,TP,"[('Burger', 3), ('Salad', 7), ('Fries', 5), ('Steak', 10)]",723.4,-37.8023249,144.9622158,0,9.496,13.9631768,Friday,0,1
ORDK07102,2018-01-26,10:42:15,Breakfast,BK,"[('Coffee', 6), ('Cereal', 4), ('Eggs', 1)]",151.0,-37.8055759,144.97359680000002,0,,11.6155758,Friday,0,0
ORDY05726,2018-01-06,18:08:27,Dinner,TP,"[('Salmon', 1), ('Shrimp', 4), ('Pasta', 5), ('Fish&Chips', 1)]",429.5,-37.8151872,144.96352280000005,0,7.9060000000000015,12.960729893,Saturday,1,2
ORDZ07677,2018-01-15,15:26:11,Lunch,NS,"[('Salad', 4), ('Chicken', 5), ('Steak', 7)]",543.8,-37.8030418,144.9694649,0,,12.2855245,Monday,0,1
ORDZ04133,2018-01-27,13:44:47,Lunch,NS,"[('Burger', 2), ('Fries', 9)]",170.0,-37.8165514,144.9458975,0,9.295,14.9412956,Saturday,1,1
ORDK10560,2018-01-27,11:43:05,Breakfast,BK,"[('Eggs', 9), ('Coffee', 8), ('Pancake', 3), ('Cereal', 5)]",435.75,-37.8122974,145.00495800000004,0,3.825,8.8568109,Saturday,1,0
ORDI09988,2018-01-14,18:28:43,Dinner,NS,"[('Fish&Chips', 3), ('Salmon', 9)]",474.0,-37.8158046,144.9741906,0,,13.9949415,Sunday,1,2
ORDC07714,2018-01-16,13:24:30,Lunch,NS,"[('Fries', 9), ('Chicken', 2), ('Steak', 6), ('Burger', 8), ('Salad', 5)]",776.0,-37.8221988,144.94762269999995,0,9.959,17.5799119,Tuesday,0,1
ORDA00225,2018-01-27,18:59:09,Dinner,BK,"[('Shrimp', 5), ('Pasta', 4), ('Salmon', 9), ('Fish&Chips', 6)]",959.0,-37.81630670000001,145.01350380000005,0,3.976,10.9617806,Saturday,1,2
ORDA01940,2018-01-24,19:49:51,Dinner,BK,"[('Pasta', 5), ('Fish&Chips', 1)]",172.5,-37.8189424,145.0023257,0,4.6789999999999985,11.713024372,Wednesday,0,2
ORDJ07098,2018-01-16,10:21:58,Breakfast,TP,"[('Coffee', 8), ('Cereal', 7), ('Pancake', 5)]",328.25,-37.8065874,144.9414819,0,10.273,12.6586096,Tuesday,0,0
ORDK01443,2018-01-26,18:49:00,Dinner,BK,"[('Salmon', 6), ('Pasta', 4), ('Fish&Chips', 4)]",496.0,-37.8231328,144.9517408,0,,16.1042925,Friday,0,2
ORDI03650,2018-01-23,17:48:10,Dinner,NS,"[('Pasta', 2), ('Shrimp', 7), ('Salmon', 5), ('Fish&Chips', 2)]",708.0,-37.8201199,144.9669823,0,,14.9110059,Tuesday,0,2
ORDC08738,2018-01-31,15:56:37,Lunch,NS,"[('Chicken', 3), ('Steak', 1), ('Burger', 8), ('Salad', 10)]",561.0,-37.8089694,144.9617782,0,7.64,13.581632627,Wednesday,0,1
ORDZ10734,2018-01-27,20:00:00,Dinner,NS,"[('Salmon', 6), ('Shrimp', 8), ('Fish&Chips', 7), ('Pasta', 6)]",1088.0,-37.8108968,144.9668054,0,7.44,14.011570127,Saturday,1,2
ORDX05445,2018-01-25,19:49:51,Dinner,BK,"[('Fish&Chips', 9), ('Shrimp', 5), ('Salmon', 5), ('Pasta', 3)]",872.5,-37.813286100000006,144.9334399,0,11.167,18.4272761,Thursday,0,2
ORDI00057,2018-01-09,10:11:49,Breakfast,NS,"[('Coffee', 8), ('Eggs', 9)]",258.0,-37.8259124,144.9816174,0,9.313,14.6048129,Tuesday,0,0
ORDJ04908,2018-01-28,15:56:37,Lunch,TP,"[('Fries', 9), ('Burger', 3)]",201.0,-37.8102978,144.9613754,0,8.494,11.9021703,Sunday,1,1
ORDK03989,2018-01-14,10:21:58,Breakfast,BK,"[('Eggs', 8), ('Coffee', 5), ('Pancake', 10)]",456.0,-37.81300820000001,144.95211709999995,0,8.599,13.6724994,Sunday,1,0
ORDK04000,2018-01-24,08:40:33,Breakfast,BK,"[('Eggs', 9), ('Pancake', 5), ('Cereal', 10), ('Coffee', 1)]",536.75,-37.80897020000001,144.9811144,0,5.823,10.6879778,Wednesday,0,0
ORDJ02990,2018-01-10,12:13:31,Lunch,TP,"[('Fries', 6), ('Chicken', 10), ('Burger', 2)]",454.0,-37.8042242,144.9934496,0,10.997,14.2840129,Wednesday,0,1
ORDB02445,2018-01-11,16:16:54,Dinner,TP,"[('Pasta', 3), ('Shrimp', 8)]",514.5,-37.8093233,144.9643404,0,8.715,13.3202234,Thursday,0,2
ORDI05197,2018-01-11,08:20:16,Breakfast,NS,"[('Coffee', 8), ('Cereal', 2)]",102.0,-37.81663020000001,144.983921,1,8.728,13.7583806,Thursday,0,0
ORDZ09333,2018-01-17,12:23:39,Lunch,NS,"[('Burger', 7), ('Fries', 5)]",277.0,-37.8054305,144.99956369999995,0,9.502,15.528657055,Wednesday,0,1
ORDX05913,2018-01-30,10:52:23,Breakfast,BK,"[('Cereal', 5), ('Pancake', 9), ('Eggs', 2), ('Coffee', 7)]",419.75,-37.8162393,144.9640706,0,7.757999999999999,13.057231976,Tuesday,0,0
ORDI01401,2018-01-01,18:08:27,Dinner,NS,"[('Pasta', 6), ('Shrimp', 3), ('Salmon', 8)]",655.0,-37.8244289,144.9821881,0,9.434,15.0783652,Monday,0,2
ORDZ08876,2018-01-29,11:53:14,Breakfast,NS,"[('Cereal', 6), ('Eggs', 7), ('Pancake', 2), ('Coffee', 9)]",396.0,-37.7999286,144.9605564,0,7.0,14.1301004,Monday,0,0
ORDI11063,2018-01-11,10:11:49,Breakfast,NS,"[('Pancake', 5), ('Coffee', 2), ('Eggs', 3), ('Cereal', 4)]",286.25,-37.8028358,144.96366919999997,0,,13.4436036,Thursday,0,0
ORDY10061,2018-01-24,10:42:15,Breakfast,TP,"[('Eggs', 2), ('Pancake', 1)]",68.25,-37.8199019,145.011942,0,11.659,14.111890149,Wednesday,0,0
ORDZ09536,2018-01-25,10:42:15,Breakfast,NS,"[('Cereal', 7), ('Eggs', 8), ('Pancake', 10), ('Coffee', 9)]",633.0,-37.8003571,145.0012437,0,9.107,15.8410325,Thursday,0,0
ORDB09465,2018-01-17,12:23:39,Lunch,TP,"[('Salad', 9), ('Steak', 6), ('Burger', 9), ('Fries', 5)]",763.8,-37.8115055,144.964713,0,8.426,11.7436458,Wednesday,0,1
ORDB08123,2018-01-10,16:16:54,Dinner,TP,"[('Fish&Chips', 9), ('Pasta', 7), ('Shrimp', 7), ('Salmon', 1)]",926.5,-37.81013770000001,144.9965834,0,10.736,14.6523371,Wednesday,0,2
ORDY00213,2018-01-01,10:52:23,Breakfast,TP,"[('Pancake', 8), ('Eggs', 10), ('Cereal', 7), ('Coffee', 5)]",598.5,-37.81966660000001,144.97962619999996,0,8.741,12.8452577,Monday,0,0
ORDC10556,2018-01-02,17:07:36,Dinner,NS,"[('Pasta', 7), ('Shrimp', 5), ('Fish&Chips', 4), ('Salmon', 2)]",684.5,-37.8135169,144.9855861,0,8.618,14.2818371,Tuesday,0,2
ORDZ03633,2018-01-05,09:00:50,Breakfast,NS,"[('Cereal', 2), ('Eggs', 2), ('Pancake', 10)]",328.5,-37.8197378,145.0106624,0,11.076,16.2323147,Friday,0,0
ORDJ07424,2018-01-22,11:32:57,Breakfast,TP,"[('Eggs', 10), ('Pancake', 4), ('Cereal', 2)]",359.0,-37.8189529,144.9525466,0,,12.433867,Monday,0,0
ORDC00134,2018-01-24,10:42:15,Breakfast,NS,"[('Cereal', 7), ('Coffee', 7), ('Eggs', 2), ('Pancake', 4)]",340.5,-37.8200052,145.01642130000005,0,11.598,18.3780701,Wednesday,0,0
ORDJ02449,2018-01-05,08:00:00,Breakfast,TP,"[('Cereal', 9), ('Eggs', 5), ('Coffee', 8), ('Pancake', 1)]",383.25,-37.8132995,144.93704019999996,1,10.517,12.3182176,Friday,0,0
ORDB00946,2018-01-23,17:48:10,Dinner,TP,"[('Pasta', 8), ('Fish&Chips', 7), ('Salmon', 10)]",875.0,-37.8067771,144.9490393,0,9.647,13.8035809,Tuesday,0,2
ORDC04859,2018-01-07,08:10:08,Breakfast,NS,"[('Cereal', 3), ('Pancake', 5)]",184.25,-37.8144943,144.938064,1,10.041,16.5142658,Sunday,1,0
ORDJ07876,2018-01-23,12:43:56,Lunch,TP,"[('Burger', 3), ('Salad', 7), ('Steak', 2), ('Fries', 8), ('Chicken', 10)]",719.4,-37.8144241,145.0150012,0,13.018,16.0557099,Tuesday,0,1
ORDX08675,2018-01-08,13:14:21,Lunch,BK,"[('Chicken', 3), ('Burger', 6), ('Steak', 6), ('Fries', 10), ('Salad', 9)]",826.8,-37.80358270000001,144.9514507,0,8.582,14.4839151,Monday,0,1
ORDK04708,2018-01-18,12:33:48,Lunch,BK,"[('Fries', 2), ('Salad', 2)]",58.4,-37.8148102,144.9572762,0,8.222000000000001,14.2240344,Thursday,0,1
ORDK05451,2018-01-20,11:32:57,Breakfast,BK,"[('Coffee', 7), ('Eggs', 10), ('Pancake', 6), ('Cereal', 2)]",460.0,-37.805979,144.9661013,0,7.278,12.1749008,Saturday,1,0
ORDB01776,2018-01-26,10:42:15,Breakfast,TP,"[('Cereal', 5), ('Eggs', 9), ('Coffee', 8)]",363.0,-37.8059304,144.9734908,0,9.468,12.1164307,Friday,0,0
ORDI10461,2018-01-05,15:05:54,Lunch,NS,"[('Chicken', 9), ('Burger', 7), ('Salad', 2), ('Steak', 8), ('Fries', 7)]",983.4,-37.806073100000006,144.960031,0,7.559,14.7147393,Friday,0,1
ORDJ01545,2018-01-14,14:25:21,Lunch,TP,"[('Chicken', 8), ('Steak', 9)]",661.0,-37.8171138,144.95346990000004,0,8.583,13.5028994,Sunday,1,1
ORDA03381,2018-01-17,08:30:25,Breakfast,BK,"[('Cereal', 3), ('Pancake', 8)]",257.0,-37.8066241,144.9579654,1,7.925,12.8698296,Wednesday,0,0
ORDI00654,2018-01-03,19:09:17,Dinner,NS,"[('Shrimp', 4), ('Salmon', 4)]",380.0,-37.8004129,144.99885790000005,0,8.863,14.7701524,Wednesday,0,2
ORDZ00008,2018-01-11,09:21:07,Breakfast,NS,"[('Coffee', 5), ('Cereal', 1), ('Eggs', 2)]",102.5,-37.8157049,144.9696048,0,7.97,15.5127951,Thursday,0,0
ORDB07467,2018-01-16,19:29:34,Dinner,TP,"[('Salmon', 8), ('Pasta', 6)]",493.0,-37.8243246,144.9439659,0,9.127,13.8430196,Tuesday,0,2
ORDC01082,2018-01-13,16:27:02,Dinner,NS,"[('Shrimp', 8), ('Salmon', 6)]",678.0,-37.8196552,144.9525596,0,9.356,15.0235594,Saturday,1,2
ORDX06423,2018-01-29,18:59:09,Dinner,BK,"[('Salmon', 10), ('Pasta', 4), ('Shrimp', 4)]",736.0,-37.8237214,144.9625764,0,8.376,15.3080428,Monday,0,2
ORDK01549,2018-01-11,17:17:44,Dinner,BK,"[('Pasta', 7), ('Shrimp', 10), ('Fish&Chips', 5)]",907.5,-37.81180120000001,144.9531979,0,8.45,15.5489077,Thursday,0,2
ORDZ03485,2018-01-28,17:58:18,Dinner,NS,"[('Shrimp', 3), ('Pasta', 5), ('Fish&Chips', 5)]",474.5,-37.8090106,144.9487733,0,8.839,16.9668102,Sunday,1,2
ORDX04826,2018-01-10,09:10:59,Breakfast,BK,"[('Coffee', 2), ('Eggs', 10), ('Pancake', 9), ('Cereal', 4)]",537.25,-37.80451770000001,144.9713513,0,,14.1816314,Wednesday,0,0
ORDA09782,2018-01-11,14:15:12,Lunch,BK,"[('Burger', 6), ('Fries', 4), ('Salad', 4), ('Chicken', 6)]",494.8,-37.80320800000001,144.9738755,0,7.011,12.7713581,Thursday,0,1
ORDC00289,2018-01-30,14:55:46,Lunch,NS,"[('Fries', 7), ('Steak', 2), ('Chicken', 4)]",302.0,-37.8011595,145.0145796,0,10.4,16.8632786,Tuesday,0,1
ORDX10353,2018-01-19,17:38:01,Dinner,BK,"[('Fish&Chips', 7), ('Shrimp', 1), ('Salmon', 5)]",504.0,-37.81842260000001,144.9670483,0,7.564,14.6700943,Friday,0,2
ORDY05863,2018-01-04,11:02:32,Breakfast,TP,"[('Pancake', 7), ('Coffee', 2)]",184.75,-37.8070805,144.95971619999997,0,,11.401614,Thursday,0,0
ORDX07469,2018-01-23,10:42:15,Breakfast,BK,"[('Pancake', 9), ('Eggs', 5), ('Coffee', 6), ('Cereal', 8)]",541.25,-37.8153883,144.9280707,0,11.753,17.0372628,Tuesday,0,0
ORDB00771,2018-01-13,12:23:39,Lunch,TP,"[('Salad', 8), ('Steak', 3)]",272.6,-37.8190083,144.9618741,0,7.727,12.295627,Saturday,1,1
ORDK06022,2018-01-29,20:00:00,Dinner,BK,"[('Salmon', 4), ('Pasta', 5), ('Fish&Chips', 4), ('Shrimp', 4)]",657.5,-37.8212569,144.9613229,0,8.206,17.3466351,Monday,0,2
ORDK07443,2018-01-11,08:20:16,Breakfast,BK,"[('Coffee', 6), ('Pancake', 7), ('Cereal', 3), ('Eggs', 7)]",431.75,-37.81663560000001,144.9872824,1,5.864,10.889850217,Thursday,0,0
ORDY02211,2018-01-14,15:26:11,Lunch,TP,"[('Fries', 7), ('Steak', 1), ('Chicken', 1)]",161.0,-37.8083366,144.9751971,0,9.25,12.3776485,Sunday,1,1
ORDY06319,2018-01-12,11:22:49,Breakfast,TP,"[('Coffee', 6), ('Cereal', 9), ('Eggs', 10)]",454.0,-37.8134396,144.96200980000003,0,8.197000000000001,10.9448786,Friday,0,0
ORDY02341,2018-01-25,19:49:51,Dinner,TP,"[('Shrimp', 6), ('Salmon', 10), ('Pasta', 5)]",871.5,-37.809641,144.9725742,0,9.131,13.4281118,Thursday,0,2
ORDY01710,2018-01-16,08:30:25,Breakfast,TP,"[('Coffee', 2), ('Cereal', 1), ('Eggs', 3)]",102.0,-37.8117253,144.9453555,1,9.586,12.230235,Tuesday,0,0
ORDZ05186,2018-01-16,14:25:21,Lunch,NS,"[('Chicken', 1), ('Burger', 1), ('Fries', 1)]",75.0,-37.8057283,144.95509030000005,0,8.02,13.978984551,Tuesday,0,1
ORDY01272,2018-01-16,16:27:02,Dinner,TP,"[('Shrimp', 7), ('Pasta', 10), ('Salmon', 7), ('Fish&Chips', 6)]",1150.0,-37.8165259,144.955695,0,8.37,13.6444804,Tuesday,0,2
ORDK07877,2018-01-24,19:49:51,Dinner,BK,"[('Pasta', 8), ('Fish&Chips', 5)]",395.0,-37.8210375,144.9821816,0,6.952000000000001,14.4184207,Wednesday,0,2
ORDX08441,2018-01-18,19:39:43,Dinner,BK,"[('Shrimp', 5), ('Pasta', 6), ('Fish&Chips', 4), ('Salmon', 10)]",985.0,-37.809898,144.947974,0,8.971,16.3377554,Thursday,0,2
ORDA00599,2018-01-02,14:05:04,Lunch,BK,"[('Fries', 2), ('Salad', 7), ('Steak', 6), ('Burger', 7)]",631.4,-37.8183062,144.976571,0,6.957999999999998,13.0797064,Tuesday,0,1
ORDB10829,2018-01-03,09:00:50,Breakfast,TP,"[('Cereal', 1), ('Eggs', 8)]",197.0,-37.8097648,144.97825769999997,0,9.235,13.2716826,Wednesday,0,0
ORDA08812,2018-01-24,14:45:38,Lunch,BK,"[('Fries', 5), ('Steak', 6)]",330.0,-37.799876,144.984555,0,,12.4032695,Wednesday,0,1
ORDK03042,2018-01-11,15:16:03,Lunch,BK,"[('Steak', 8), ('Fries', 8), ('Chicken', 1), ('Salad', 10)]",660.0,-37.8130549,144.98637019999995,0,5.601,13.7310449,Thursday,0,1
ORDB04443,2018-01-11,15:16:03,Lunch,TP,"[('Salad', 5), ('Chicken', 2), ('Burger', 3), ('Fries', 2), ('Steak', 9)]",672.0,-37.8188044,144.9527977,0,9.725,14.8807269,Thursday,0,1
ORDJ03450,2018-01-22,16:47:19,Dinner,TP,"[('Salmon', 8), ('Shrimp', 10), ('Pasta', 4)]",978.0,-37.8000639,144.9720473,0,10.163,15.1643985,Monday,0,2
ORDC02169,2018-01-05,17:07:36,Dinner,NS,"[('Salmon', 3), ('Pasta', 1), ('Fish&Chips', 1)]",185.5,-37.8084292,144.9679737,0,7.0310000000000015,12.8515336,Friday,0,2
ORDA00126,2018-01-20,17:38:01,Dinner,BK,"[('Fish&Chips', 5), ('Salmon', 3)]",298.0,-37.8076995,144.973072,0,6.5470000000000015,15.7932803,Saturday,1,2
ORDZ09255,2018-01-09,15:16:03,Lunch,NS,"[('Chicken', 7), ('Salad', 8), ('Fries', 6)]",433.6,-37.7992542,144.962665,0,6.895,12.3626432,Tuesday,0,1
ORDX06072,2018-01-01,19:09:17,Dinner,BK,"[('Shrimp', 8), ('Fish&Chips', 2), ('Salmon', 7)]",789.0,-37.8000195,145.00557030000004,0,,14.0193079,Monday,0,2
ORDJ06942,2018-01-18,15:36:20,Lunch,TP,"[('Salad', 5), ('Steak', 4), ('Chicken', 2), ('Burger', 9), ('Fries', 9)]",717.0,-37.8115054,144.9729388,0,8.834,14.0349886,Thursday,0,1
ORDC06665,2018-01-01,09:51:32,Breakfast,NS,"[('Coffee', 6), ('Cereal', 7)]",192.0,-37.8237007,144.9868771,0,9.436,14.2005344,Monday,0,0
ORDA10807,2018-01-28,13:54:55,Lunch,BK,"[('Salad', 7), ('Fries', 4), ('Chicken', 6)]",360.4,-37.82364570000001,144.9750312,0,7.622000000000001,13.9228477,Sunday,1,1
ORDX02726,2018-01-20,19:39:43,Dinner,BK,"[('Pasta', 2), ('Salmon', 6), ('Shrimp', 9)]",787.0,-37.8132457,144.9334457,0,11.173,19.266427029,Saturday,1,2
ORDC04241,2018-01-31,10:52:23,Breakfast,NS,"[('Eggs', 4), ('Pancake', 6)]",233.5,-37.8151696,144.95809409999995,0,8.457,16.0477993,Wednesday,0,0
ORDY05860,2018-01-31,17:58:18,Dinner,TP,"[('Pasta', 4), ('Shrimp', 6), ('Salmon', 4), ('Fish&Chips', 6)]",808.0,-37.8198767,144.9917718,0,9.852,13.9604541,Wednesday,0,2
ORDX05883,2018-01-10,14:15:12,Lunch,BK,"[('Burger', 9), ('Salad', 9), ('Chicken', 8), ('Fries', 8)]",785.8,-37.83265120000001,144.9903468,0,8.032,13.780983,Wednesday,0,1
ORDY03855,2018-01-22,13:44:47,Lunch,TP,"[('Chicken', 7), ('Salad', 6), ('Burger', 10)]",637.2,-37.8106139,145.0104371,0,12.364,15.8777925,Monday,0,1
ORDJ02838,2018-01-10,09:10:59,Breakfast,TP,"[('Pancake', 2), ('Coffee', 5), ('Cereal', 9)]",275.0,-37.8233293,144.9607916,0,7.6629999999999985,12.4422544,Wednesday,0,0
ORDY03319,2018-01-01,14:55:46,Lunch,TP,"[('Chicken', 6), ('Burger', 10), ('Steak', 3), ('Salad', 2), ('Fries', 4)]",719.4,-37.7990664,144.9728229,0,10.249,13.4437364,Monday,0,1
ORDA04148,2018-01-03,11:02:32,Breakfast,BK,"[('Eggs', 9), ('Pancake', 2), ('Cereal', 10)]",456.5,-37.8126884,144.9878742,0,5.4689999999999985,10.23596,Wednesday,0,0
ORDB05184,2018-01-26,10:42:15,Breakfast,TP,"[('Eggs', 5), ('Coffee', 5), ('Cereal', 6)]",273.5,-37.8041039,144.9738665,0,9.674,12.1617351,Friday,0,0
ORDC11095,2018-01-01,18:08:27,Dinner,NS,"[('Salmon', 1), ('Fish&Chips', 1), ('Shrimp', 10), ('Pasta', 7)]",808.5,-37.8046273,144.96335569999997,0,7.098,13.3265198,Monday,0,2
ORDZ09787,2018-01-01,14:55:46,Lunch,NS,"[('Chicken', 1), ('Burger', 10), ('Fries', 10)]",462.0,-37.8187144,144.91674609999995,0,11.065,16.1602996,Monday,0,1
ORDK00495,2018-01-22,08:40:33,Breakfast,BK,"[('Coffee', 3), ('Eggs', 10), ('Pancake', 4), ('Cereal', 8)]",507.5,-37.8009428,144.9527616,0,8.586,13.3414859,Monday,0,0
ORDB08949,2018-01-28,15:56:37,Lunch,TP,"[('Chicken', 8), ('Steak', 9), ('Salad', 9)]",815.8,-37.8093973,144.9378374,0,10.591,13.9776397,Sunday,1,1
ORDK06235,2018-01-22,11:43:05,Breakfast,BK,"[('Pancake', 10), ('Eggs', 6)]",374.5,-37.8188376,144.9533842,0,8.79,16.1965523,Monday,0,0
ORDA04082,2018-01-05,10:01:41,Breakfast,BK,"[('Cereal', 3), ('Pancake', 5)]",184.25,-37.8025965,144.96517580000003,0,7.626,12.3614959,Friday,0,0
ORDC02631,2018-01-09,14:15:12,Lunch,NS,"[('Fries', 6), ('Chicken', 1), ('Salad', 1)]",121.2,-37.8258378,144.9829349,0,9.476,15.4068816,Tuesday,0,1
ORDC06755,2018-01-09,11:12:40,Breakfast,NS,"[('Pancake', 7), ('Coffee', 5)]",207.25,-37.8244864,144.9886142,0,9.625,14.4717153,Tuesday,0,0
ORDK01974,2018-01-09,10:11:49,Breakfast,BK,"[('Coffee', 9), ('Eggs', 5), ('Cereal', 8)]",345.5,-37.8187723,144.982729,0,,11.2983535,Tuesday,0,0
ORDA11057,2018-01-09,08:10:08,Breakfast,BK,"[('Cereal', 5), ('Eggs', 9), ('Pancake', 8), ('Coffee', 4)]",527.0,-37.8144545,144.9548937,1,,12.6207106,Tuesday,0,0
ORDZ03186,2018-01-11,14:15:12,Lunch,NS,"[('Burger', 6), ('Fries', 7), ('Salad', 3), ('Chicken', 1)]",353.6,-37.8166264,145.0073186,0,10.601,16.145472,Thursday,0,1
ORDX04710,2018-01-13,11:22:49,Breakfast,BK,"[('Coffee', 9), ('Pancake', 3)]",140.25,-37.82381,144.9627168,0,8.377,13.4118595,Saturday,1,0
ORDZ05138,2018-01-14,12:23:39,Lunch,NS,"[('Burger', 9), ('Fries', 3), ('Steak', 8), ('Chicken', 1), ('Salad', 5)]",793.0,-37.8208048,144.95512119999995,0,9.38,15.716334182,Sunday,1,1
ORDZ02392,2018-01-02,15:05:54,Lunch,NS,"[('Burger', 2), ('Steak', 7), ('Fries', 4), ('Salad', 9)]",579.8,-37.8231489,144.9765051,0,9.021,14.2518529,Tuesday,0,1
ORDX06716,2018-01-06,12:03:22,Lunch,BK,"[('Chicken', 3), ('Steak', 9), ('Fries', 8), ('Burger', 9), ('Salad', 4)]",944.8,-37.8153813,144.99096459999996,0,,13.1174436,Saturday,1,1
ORDY05680,2018-01-09,15:16:03,Lunch,TP,"[('Steak', 8), ('Burger', 3), ('Chicken', 7), ('Salad', 9)]",831.8,-37.8155547,144.9880593,0,9.691,12.8681967,Tuesday,0,1
ORDC02352,2018-01-22,11:32:57,Breakfast,NS,"[('Eggs', 9), ('Cereal', 10)]",408.0,-37.8187703,144.9529982,0,,16.2176498,Monday,0,0
ORDC01575,2018-01-08,18:18:35,Dinner,NS,"[('Pasta', 8), ('Fish&Chips', 6), ('Shrimp', 4)]",646.0,-37.799115,144.9600818,0,7.132999999999999,13.362997,Monday,0,2
ORDY10680,2018-01-29,13:54:55,Lunch,TP,"[('Chicken', 3), ('Fries', 3), ('Steak', 1), ('Burger', 5), ('Salad', 8)]",469.6,-37.8127606,144.9349737,0,10.697,13.9305614,Monday,0,1
ORDZ09358,2018-01-01,15:56:37,Lunch,NS,"[('Burger', 6), ('Fries', 6), ('Chicken', 6), ('Salad', 6), ('Steak', 7)]",868.2,-37.81668629999999,144.954276,0,8.856,15.8952464,Monday,0,1
ORDB09829,2018-01-23,16:47:19,Dinner,TP,"[('Fish&Chips', 3), ('Pasta', 7), ('Salmon', 6), ('Shrimp', 8)]",975.5,-37.8042237,144.9968882,0,11.296,16.7056431,Tuesday,0,2
ORDA04122,2018-01-29,18:59:09,Dinner,BK,"[('Pasta', 6), ('Salmon', 8), ('Fish&Chips', 10), ('Shrimp', 4)]",1059.0,-37.8096936,144.9725985,0,6.726,13.4994327,Monday,0,2
ORDA08607,2018-01-07,10:01:41,Breakfast,BK,"[('Cereal', 2), ('Pancake', 3), ('Coffee', 9)]",182.25,-37.8056615,144.97735519999995,0,7.1320000000000014,12.1401222,Sunday,1,0
ORDX09010,2018-01-10,11:12:40,Breakfast,BK,"[('Cereal', 2), ('Eggs', 10)]",262.0,-37.8193205,145.00225749999996,0,4.722,9.1258711,Wednesday,0,0
ORDJ08792,2018-01-02,10:52:23,Breakfast,TP,"[('Cereal', 8), ('Eggs', 1)]",190.0,-37.8152059,144.95255,0,8.809,11.8874214,Tuesday,0,0
ORDJ01452,2018-01-28,17:58:18,Dinner,TP,"[('Fish&Chips', 10), ('Shrimp', 5)]",620.0,-37.8088665,144.94886090000003,0,9.688,14.9656408,Sunday,1,2
ORDJ02170,2018-01-10,19:19:26,Dinner,TP,"[('Pasta', 8), ('Fish&Chips', 10), ('Shrimp', 7)]",948.0,-37.8022891,145.0027802,0,11.946,15.3050232,Wednesday,0,2
ORDC08860,2018-01-30,13:54:55,Lunch,NS,"[('Salad', 5), ('Fries', 5), ('Chicken', 4)]",274.0,-37.8125138,144.936229,0,10.064,16.116319637,Tuesday,0,1
ORDK05775,2018-01-07,13:14:21,Lunch,BK,"[('Steak', 7), ('Fries', 5), ('Chicken', 5), ('Burger', 9), ('Salad', 3)]",865.6,-37.8263042,144.95178710000005,0,9.251,14.8155727,Sunday,1,1
ORDA01285,2018-01-07,15:16:03,Lunch,BK,"[('Burger', 1), ('Salad', 7)]",151.4,-37.8093671,144.9719597,0,6.729,12.0614098,Sunday,1,1
ORDY07564,2018-01-27,11:43:05,Breakfast,TP,"[('Eggs', 1), ('Coffee', 2)]",37.0,-37.8134818,144.9501435,0,9.188,11.4187706,Saturday,1,0
ORDK05833,2018-01-09,15:16:03,Lunch,BK,"[('Burger', 10), ('Salad', 4)]",378.8,-37.80552470000001,144.94107380000003,0,9.533,16.062142,Tuesday,0,1
ORDY02344,2018-01-22,19:49:51,Dinner,TP,"[('Shrimp', 6), ('Fish&Chips', 7), ('Salmon', 5), ('Pasta', 1)]",801.5,-37.8087665,144.95803759999995,0,8.935,14.1554895,Monday,0,2
ORDI10336,2018-01-20,09:41:24,Breakfast,NS,"[('Pancake', 4), ('Coffee', 6)]",142.0,-37.80620820000001,144.9584161,0,7.737,13.0727458,Saturday,1,0
ORDC07989,2018-01-18,10:32:06,Breakfast,NS,"[('Coffee', 7), ('Pancake', 7), ('Eggs', 10)]",442.25,-37.8128384,144.97356069999995,0,7.605,14.5773941,Thursday,0,0
ORDC08423,2018-01-17,10:21:58,Breakfast,NS,"[('Pancake', 10), ('Eggs', 10)]",462.5,-37.8074851,144.9421481,0,9.387,16.4068216,Wednesday,0,0
ORDJ01462,2018-01-31,08:50:42,Breakfast,TP,"[('Cereal', 7), ('Pancake', 3), ('Coffee', 7), ('Eggs', 6)]",404.25,-37.82394650000001,144.9419826,0,9.363,11.7084876,Wednesday,0,0
ORDK01024,2018-01-16,12:23:39,Lunch,BK,"[('Burger', 6), ('Chicken', 3), ('Salad', 3), ('Steak', 5)]",558.6,-37.8081448,144.9289924,0,10.589,16.8347906,Tuesday,0,1
ORDY01246,2018-01-03,17:07:36,Dinner,TP,"[('Fish&Chips', 9), ('Shrimp', 7), ('Pasta', 3), ('Salmon', 2)]",857.5,-37.80227670000001,144.9631881,0,9.531,13.3597892,Wednesday,0,2
ORDA08712,2018-01-08,18:18:35,Dinner,BK,"[('Pasta', 4), ('Salmon', 5), ('Fish&Chips', 7), ('Shrimp', 6)]",884.0,-37.8109075,144.9888918,0,,11.8153865,Monday,0,2
ORDI02374,2018-01-04,13:04:13,Lunch,NS,"[('Burger', 5), ('Chicken', 10)]",475.0,-37.81395670000001,144.965652,0,8.035,13.3360675,Thursday,0,1
ORDB08908,2018-01-25,14:45:38,Lunch,TP,"[('Chicken', 5), ('Salad', 5), ('Steak', 5), ('Burger', 6), ('Fries', 10)]",777.0,-37.81863900000001,144.9678869,0,7.6389999999999985,11.0384437,Thursday,0,1
ORDZ08077,2018-01-01,09:00:50,Breakfast,NS,"[('Pancake', 2), ('Cereal', 3)]",111.5,-37.8201847,144.978879,0,8.676,13.8788895,Monday,0,0
ORDB00681,2018-01-23,15:46:28,Lunch,TP,"[('Chicken', 5), ('Fries', 8)]",256.0,-37.8142705,144.935746,0,10.603,13.6505,Tuesday,0,1
ORDI07546,2018-01-21,18:38:52,Dinner,NS,"[('Pasta', 7), ('Salmon', 9)]",561.5,-37.813099,144.93642649999995,0,10.25,16.1390456,Sunday,1,2
ORDC00324,2018-01-27,16:57:27,Dinner,NS,"[('Fish&Chips', 7), ('Pasta', 4), ('Salmon', 2)]",437.0,-37.8154148,144.9957856,0,9.621,15.8218629,Saturday,1,2
ORDX06484,2018-01-12,18:28:43,Dinner,BK,"[('Pasta', 6), ('Shrimp', 5), ('Fish&Chips', 8), ('Salmon', 9)]",1084.0,-37.8042287,144.9792419,0,6.957000000000002,14.319833056,Friday,0,2
ORDX01991,2018-01-03,11:02:32,Breakfast,BK,"[('Coffee', 3), ('Eggs', 8), ('Cereal', 1)]",219.5,-37.8106572,144.9852939,0,5.5470000000000015,10.3627537,Wednesday,0,0
ORDX06523,2018-01-29,12:54:05,Lunch,BK,"[('Salad', 10), ('Fries', 6), ('Burger', 2), ('Chicken', 2), ('Steak', 9)]",775.0,-37.8179635,144.9508132,0,8.923,14.9658635,Monday,0,1
ORDZ10148,2018-01-03,17:07:36,Dinner,NS,"[('Fish&Chips', 3), ('Shrimp', 7), ('Salmon', 10), ('Pasta', 2)]",948.0,-37.8022304,144.9634869,0,6.922999999999999,12.7382617,Wednesday,0,2
ORDK08308,2018-01-27,11:43:05,Breakfast,BK,"[('Cereal', 4), ('Pancake', 8), ('Coffee', 8), ('Eggs', 8)]",514.0,-37.8132913,144.9653492,0,7.534,11.9496092,Saturday,1,0
ORDJ04378,2018-01-11,09:21:07,Breakfast,TP,"[('Coffee', 9), ('Eggs', 5), ('Pancake', 7)]",347.25,-37.8111324,144.9699786,0,8.767999999999999,11.898483383,Thursday,0,0
ORDX00816,2018-01-18,16:37:10,Dinner,BK,"[('Pasta', 7), ('Shrimp', 3)]",354.5,-37.8157534,145.0032195,0,4.305,10.9713553,Thursday,0,2
ORDX02050,2018-01-01,16:57:27,Dinner,BK,"[('Fish&Chips', 4), ('Salmon', 3)]",263.0,-37.81892379999999,144.9467475,0,9.37,16.1507515,Monday,0,2
ORDX01859,2018-01-04,16:06:45,Dinner,BK,"[('Pasta', 7), ('Salmon', 2), ('Fish&Chips', 3)]",379.5,-37.8027797,144.9560465,0,8.326,15.5207226,Thursday,0,2
ORDK06475,2018-01-19,11:32:57,Breakfast,BK,"[('Eggs', 4), ('Cereal', 3), ('Pancake', 10)]",393.5,-37.8114476,144.973172,0,6.805,11.3234307,Friday,0,0
ORDY01917,2018-01-01,18:59:09,Dinner,TP,"[('Salmon', 8), ('Fish&Chips', 10)]",678.0,-37.8180938,144.96673230000005,0,7.661,12.75094593,Monday,0,2
ORDB05593,2018-01-14,14:25:21,Lunch,TP,"[('Fries', 4), ('Salad', 7), ('Steak', 9), ('Chicken', 10), ('Burger', 7)]",1110.4,-37.80926229999999,144.9838244,0,9.641,14.5699689,Sunday,1,1
ORDJ03571,2018-01-13,12:23:39,Lunch,TP,"[('Steak', 2), ('Chicken', 8), ('Salad', 1)]",363.2,-37.8085074,144.9593706,0,8.832,14.0811351,Saturday,1,1
ORDZ04101,2018-01-10,12:13:31,Lunch,NS,"[('Chicken', 2), ('Salad', 2), ('Fries', 4)]",146.4,-37.8003823,144.96399350000004,0,6.687,11.8287221,Wednesday,0,1
ORDC02471,2018-01-26,08:50:42,Breakfast,NS,"[('Cereal', 6), ('Eggs', 2)]",170.0,-37.8208435,144.94731000000004,0,9.83,15.0079466,Friday,0,0
ORDA05687,2018-01-01,14:55:46,Lunch,BK,"[('Chicken', 7), ('Steak', 9), ('Burger', 4), ('Fries', 7)]",837.0,-37.8153021,144.96540269999997,0,7.655,13.7401222,Monday,0,1
ORDI10171,2018-01-07,17:17:44,Dinner,NS,"[('Shrimp', 10), ('Salmon', 2), ('Pasta', 6)]",787.0,-37.8087831,144.9612867,0,7.782,16.2439657,Sunday,1,2
ORDI01909,2018-01-26,19:49:51,Dinner,NS,"[('Salmon', 8), ('Pasta', 8), ('Fish&Chips', 7)]",793.0,-37.8042708,145.01116059999995,0,10.127,16.3599943,Friday,0,2
ORDI00396,2018-01-08,19:19:26,Dinner,NS,"[('Salmon', 10), ('Pasta', 2), ('Fish&Chips', 9), ('Shrimp', 1)]",834.0,-37.8067729,144.9628411,0,7.354,13.606395105,Monday,0,2
ORDK08377,2018-01-15,13:24:30,Lunch,BK,"[('Fries', 7), ('Burger', 9)]",363.0,-37.815448,144.96657030000003,0,7.52,13.8908205,Monday,0,1
ORDK09812,2018-01-28,08:50:42,Breakfast,BK,"[('Eggs', 8), ('Pancake', 9), ('Cereal', 10), ('Coffee', 10)]",679.25,-37.8114779,144.9381658,0,10.034,17.5988739,Sunday,1,0
ORDJ07284,2018-01-08,15:16:03,Lunch,TP,"[('Steak', 3), ('Fries', 1), ('Chicken', 7)]",371.0,-37.7991443,144.9626033,0,,13.3867259,Monday,0,1
ORDK03946,2018-01-18,09:31:16,Breakfast,BK,"[('Cereal', 1), ('Eggs', 3), ('Coffee', 7)]",139.5,-37.8064485,144.9447076,0,,16.9843819,Thursday,0,0
ORDZ01609,2018-01-23,12:43:56,Lunch,NS,"[('Chicken', 1), ('Salad', 9), ('Steak', 9)]",591.8,-37.8150449,144.98866850000005,0,8.993,14.996414609,Tuesday,0,1
ORDB01175,2018-01-24,09:41:24,Breakfast,TP,"[('Pancake', 6), ('Coffee', 1)]",153.0,-37.8237966,144.9684956,0,7.947,11.9863929,Wednesday,0,0
ORDZ06558,2018-01-28,10:42:15,Breakfast,NS,"[('Cereal', 7), ('Eggs', 3)]",213.0,-37.8144465,144.9619518,0,8.187999999999999,13.2595045,Sunday,1,0
ORDC08627,2018-01-20,19:39:43,Dinner,NS,"[('Shrimp', 9), ('Pasta', 9), ('Fish&Chips', 5)]",908.5,-37.81535750000001,144.936667,0,10.042,16.7856997,Saturday,1,2
ORDC03624,2018-01-13,08:20:16,Breakfast,NS,"[('Coffee', 2), ('Pancake', 8), ('Cereal', 7)]",356.0,-37.8168402,144.9355778,1,9.943,16.7303426,Saturday,1,0
ORDZ09389,2018-01-25,18:49:00,Dinner,NS,"[('Pasta', 5), ('Fish&Chips', 8), ('Salmon', 6)]",663.5,-37.823325,144.9533352,0,9.774,18.0876332,Thursday,0,2
ORDK06905,2018-01-03,11:02:32,Breakfast,BK,"[('Cereal', 1), ('Coffee', 8), ('Eggs', 10)]",301.0,-37.8105239,144.98531409999995,0,5.542000000000002,10.6031675,Wednesday,0,0
ORDK06140,2018-01-28,11:53:14,Breakfast,BK,"[('Eggs', 2), ('Cereal', 8), ('Coffee', 2), ('Pancake', 6)]",372.5,-37.8161469,144.96377990000005,0,7.867000000000001,15.2017808,Sunday,1,0
ORDZ05910,2018-01-02,19:09:17,Dinner,NS,"[('Pasta', 6), ('Salmon', 3), ('Fish&Chips', 6), ('Shrimp', 10)]",1038.0,-37.81877070000001,145.0146248,0,,19.5891454,Tuesday,0,2
ORDA05422,2018-01-04,08:00:00,Breakfast,BK,"[('Eggs', 3), ('Pancake', 4), ('Coffee', 1), ('Cereal', 5)]",275.5,-37.8128777,144.93919169999995,1,9.802,14.3719178,Thursday,0,0
ORDX00357,2018-01-22,19:49:51,Dinner,BK,"[('Salmon', 5), ('Shrimp', 8), ('Fish&Chips', 6), ('Pasta', 8)]",1067.0,-37.8087665,144.95803759999995,0,7.916,17.1273416,Monday,0,2
ORDJ06014,2018-01-04,13:04:13,Lunch,TP,"[('Chicken', 10), ('Burger', 10), ('Steak', 1), ('Salad', 3)]",726.6,-37.81409160000001,144.9653595,0,8.184,11.7459566,Thursday,0,1
ORDB08691,2018-01-19,18:38:52,Dinner,TP,"[('Salmon', 5), ('Fish&Chips', 9), ('Pasta', 9)]",767.5,-37.820561100000006,144.94878880000005,0,8.881,12.8908081,Friday,0,2
ORDB06690,2018-01-21,14:35:29,Lunch,TP,"[('Salad', 9), ('Chicken', 4), ('Steak', 5), ('Burger', 1)]",538.8,-37.824085,144.9850699,0,8.881,13.9949872,Sunday,1,1
ORDB08072,2018-01-02,12:03:22,Lunch,TP,"[('Burger', 9), ('Steak', 1)]",324.0,-37.8210618,144.9277596,0,10.662,13.9198597,Tuesday,0,1
ORDZ08028,2018-01-01,09:51:32,Breakfast,NS,"[('Coffee', 2), ('Eggs', 8), ('Cereal', 1)]",212.0,-37.8208282,144.9680865,0,8.802999999999997,14.5957324,Monday,0,0
ORDJ00630,2018-01-22,18:49:00,Dinner,TP,"[('Salmon', 10), ('Pasta', 4)]",520.0,-37.81140120000001,144.97321630000005,0,8.849,12.8081606,Monday,0,2
ORDI07548,2018-01-06,09:10:59,Breakfast,NS,"[('Cereal', 7), ('Coffee', 1)]",154.5,-37.8045641,144.9773979,0,6.989,11.7061795,Saturday,1,0
ORDK00993,2018-01-09,08:10:08,Breakfast,BK,"[('Coffee', 10), ('Cereal', 1), ('Pancake', 10), ('Eggs', 2)]",382.5,-37.8147542,144.9376992,1,9.927,16.545548,Tuesday,0,0
ORDB04319,2018-01-17,19:39:43,Dinner,TP,"[('Fish&Chips', 7), ('Salmon', 3)]",368.0,-37.8052516,144.9498659,0,9.727,14.2651424,Wednesday,0,2
ORDA01578,2018-01-07,16:16:54,Dinner,BK,"[('Salmon', 7), ('Fish&Chips', 2), ('Shrimp', 1), ('Pasta', 9)]",658.5,-37.82090529999999,144.9766632,0,7.269,14.5839525,Sunday,1,2
ORDI03526,2018-01-05,12:03:22,Lunch,NS,"[('Salad', 4), ('Chicken', 5), ('Burger', 7), ('Fries', 2)]",469.8,-37.7990315,144.9795136,0,7.103,13.020111619,Friday,0,1
ORDK08641,2018-01-11,11:12:40,Breakfast,BK,"[('Eggs', 4), ('Pancake', 9), ('Coffee', 8), ('Cereal', 3)]",429.25,-37.8077478,144.9629014,0,7.497999999999998,11.9404373,Thursday,0,0
ORDY05814,2018-01-08,09:10:59,Breakfast,TP,"[('Pancake', 4), ('Cereal', 2), ('Coffee', 9), ('Eggs', 8)]",382.5,-37.8215657,144.9805243,0,8.702,11.385627,Monday,0,0
ORDI09049,2018-01-16,16:27:02,Dinner,NS,"[('Salmon', 9), ('Shrimp', 3), ('Fish&Chips', 8), ('Pasta', 2)]",866.0,-37.814573,144.9547906,0,8.546,16.2081604,Tuesday,0,2
ORDB06948,2018-01-24,12:43:56,Lunch,TP,"[('Fries', 6), ('Salad', 2), ('Steak', 9), ('Chicken', 5)]",671.4,-37.8136649,144.9878231,0,9.841,13.569995218,Wednesday,0,1
ORDX10262,2018-01-03,19:09:17,Dinner,BK,"[('Pasta', 1), ('Salmon', 9), ('Shrimp', 8), ('Fish&Chips', 5)]",1003.5,-37.813342,145.0148451,0,4.562,10.6574064,Wednesday,0,2
ORDY00303,2018-01-29,14:55:46,Lunch,TP,"[('Steak', 8), ('Chicken', 5), ('Fries', 3), ('Burger', 10)]",866.0,-37.8121506,144.97389180000005,0,8.774,13.4627021,Monday,0,1
ORDB05953,2018-01-24,16:47:19,Dinner,TP,"[('Pasta', 6), ('Salmon', 8), ('Shrimp', 10), ('Fish&Chips', 9)]",1348.0,-37.8160008,144.9652756,0,7.851,12.2247823,Wednesday,0,2
ORDB03162,2018-01-08,14:15:12,Lunch,TP,"[('Fries', 6), ('Salad', 2), ('Chicken', 10)]",426.4,-37.80614129999999,144.98616930000003,0,10.165,14.8121144,Monday,0,1
ORDK10478,2018-01-16,19:29:34,Dinner,BK,"[('Fish&Chips', 4), ('Salmon', 8)]",468.0,-37.8062527,144.95963840000005,0,,17.0485748,Tuesday,0,2
ORDY04932,2018-01-15,12:23:39,Lunch,TP,"[('Salad', 6), ('Fries', 6), ('Burger', 4), ('Chicken', 5)]",459.2,-37.8245929,144.9534613,0,8.353,11.7438996,Monday,0,1
ORDI06683,2018-01-14,13:24:30,Lunch,NS,"[('Salad', 3), ('Chicken', 1), ('Burger', 5), ('Steak', 8), ('Fries', 7)]",682.6,-37.8258488,144.9792724,0,9.374,14.8074564,Sunday,1,1
ORDB04637,2018-01-28,14:55:46,Lunch,TP,"[('Burger', 9), ('Steak', 10), ('Fries', 6), ('Chicken', 6), ('Salad', 4)]",1061.8,-37.802079,144.9594714,0,9.489,14.0844994,Sunday,1,1
ORDZ07920,2018-01-15,12:23:39,Lunch,NS,"[('Steak', 1), ('Chicken', 2)]",109.0,-37.8131321,144.95169909999996,0,8.571,14.555144841,Monday,0,1
ORDA10174,2018-01-30,12:54:05,Lunch,BK,"[('Steak', 6), ('Fries', 10)]",390.0,-37.8221491,144.95605880000005,0,8.622,14.0768852,Tuesday,0,1
ORDX04733,2018-01-08,12:13:31,Lunch,BK,"[('Steak', 2), ('Burger', 10), ('Fries', 8), ('Chicken', 9)]",784.0,-37.79994050000001,144.958796,0,8.32,14.1499262,Monday,0,1
ORDY02476,2018-01-24,18:49:00,Dinner,TP,"[('Salmon', 7), ('Shrimp', 7)]",665.0,-37.8190015,144.985083,0,9.164,14.3339782,Wednesday,0,2
ORDA03362,2018-01-15,15:26:11,Lunch,BK,"[('Salad', 2), ('Fries', 1), ('Chicken', 9), ('Steak', 10), ('Burger', 2)]",846.4,-37.8084748,144.9786563,0,,12.1775751,Monday,0,1
ORDA02597,2018-01-01,13:54:55,Lunch,BK,"[('Salad', 5), ('Fries', 1), ('Chicken', 8), ('Steak', 3)]",489.0,-37.81038,144.96079780000005,0,7.672999999999999,16.220487,Monday,0,1
ORDA08934,2018-01-13,15:26:11,Lunch,BK,"[('Steak', 9), ('Salad', 1), ('Burger', 2), ('Fries', 5)]",544.2,-37.8101569,144.9888213,0,5.167999999999998,10.8096925,Saturday,1,1
ORDA10376,2018-01-01,09:51:32,Breakfast,BK,"[('Pancake', 6), ('Coffee', 6), ('Cereal', 2), ('Eggs', 4)]",320.5,-37.81570900000001,145.01261530000005,0,,8.7515872,Monday,0,0
ORDC01610,2018-01-09,13:14:21,Lunch,NS,"[('Salad', 2), ('Burger', 7)]",251.4,-37.825851,144.9579378,0,9.936,17.8011824,Tuesday,0,1
ORDA02230,2018-01-19,08:30:25,Breakfast,BK,"[('Pancake', 2), ('Cereal', 6)]",174.5,-37.8054787,144.931166,0,10.457,15.5080444,Friday,0,0
ORDK04137,2018-01-27,14:45:38,Lunch,BK,"[('Fries', 8), ('Burger', 2), ('Steak', 2)]",248.0,-37.8112693,144.99099809999996,0,5.037,10.0201326,Saturday,1,1
ORDY08728,2018-01-02,13:04:13,Lunch,TP,"[('Salad', 8), ('Steak', 3), ('Burger', 9), ('Fries', 4), ('Chicken', 1)]",631.6,-37.81833029999999,144.96485239999996,0,7.55,12.4966979,Tuesday,0,1
ORDX03515,2018-01-27,12:43:56,Lunch,BK,"[('Steak', 7), ('Salad', 7)]",435.4,-37.8054697,144.95213049999995,0,8.408999999999999,15.013859554,Saturday,1,1
ORDI07430,2018-01-14,15:26:11,Lunch,NS,"[('Chicken', 7), ('Burger', 7), ('Fries', 2), ('Steak', 5), ('Salad', 10)]",862.0,-37.8129024,144.9723661,0,,13.2444218,Sunday,1,1
ORDX03819,2018-01-21,19:39:43,Dinner,BK,"[('Shrimp', 10), ('Pasta', 7)]",732.5,-37.8159474,144.9326379,0,10.844,18.889938857,Sunday,1,2
ORDI08215,2018-01-08,17:17:44,Dinner,NS,"[('Fish&Chips', 2), ('Pasta', 4)]",180.0,-37.8136573,144.95728530000005,0,8.283,13.7583924,Monday,0,2
ORDC10361,2018-01-21,11:32:57,Breakfast,NS,"[('Coffee', 3), ('Eggs', 6), ('Cereal', 3)]",217.5,-37.8188927,144.9530801,0,9.256,15.9359704,Sunday,1,0
ORDI05440,2018-01-08,11:12:40,Breakfast,NS,"[('Cereal', 3), ('Pancake', 2), ('Coffee', 6)]",156.5,-37.8006096,144.9702257,0,6.0710000000000015,12.9838373,Monday,0,0
ORDC05528,2018-01-23,18:49:00,Dinner,NS,"[('Pasta', 10), ('Salmon', 10), ('Shrimp', 4)]",901.0,-37.8129005,144.9298785,0,10.076,16.3138621,Tuesday,0,2
ORDC07046,2018-01-03,17:07:36,Dinner,NS,"[('Pasta', 4), ('Salmon', 10), ('Shrimp', 1)]",574.0,-37.8025394,144.9632757,0,6.984,12.8777389,Wednesday,0,2
ORDA02811,2018-01-12,08:20:16,Breakfast,BK,"[('Cereal', 2), ('Eggs', 2), ('Coffee', 9), ('Pancake', 8)]",347.5,-37.8075185,144.9706725,1,6.738,11.0183166,Friday,0,0
ORDA03741,2018-01-02,09:51:32,Breakfast,BK,"[('Eggs', 9), ('Coffee', 6)]",243.0,-37.81792700000001,144.96786740000005,0,7.621,12.6422026,Tuesday,0,0
ORDZ02153,2018-01-13,08:20:16,Breakfast,NS,"[('Coffee', 7), ('Pancake', 8)]",246.5,-37.8218894,144.96059330000003,1,10.251,16.7039034,Saturday,1,0
ORDC01935,2018-01-18,08:30:25,Breakfast,NS,"[('Coffee', 4), ('Cereal', 4), ('Pancake', 10)]",356.5,-37.80390870000001,144.9668829,1,6.706,10.9705948,Thursday,0,0
ORDJ01186,2018-01-13,16:27:02,Dinner,TP,"[('Shrimp', 2), ('Fish&Chips', 2), ('Salmon', 6), ('Pasta', 2)]",479.0,-37.8158434,144.9342969,0,10.702,14.4747066,Saturday,1,2
ORDX05188,2018-01-01,12:54:05,Lunch,BK,"[('Salad', 8), ('Burger', 6), ('Chicken', 2)]",387.6,-37.8203076,144.9588982,0,8.255,14.3134059,Monday,0,1
ORDX01208,2018-01-18,13:34:38,Lunch,BK,"[('Burger', 3), ('Steak', 4), ('Salad', 9), ('Fries', 9)]",535.8,-37.82649970000001,145.0054467,0,5.131,10.760977,Thursday,0,1
ORDJ02570,2018-01-03,11:02:32,Breakfast,TP,"[('Pancake', 9), ('Cereal', 4), ('Coffee', 2)]",317.25,-37.81250470000001,144.9884447,0,9.862,12.4029485,Wednesday,0,0
ORDY00691,2018-01-01,18:59:09,Dinner,TP,"[('Shrimp', 8), ('Pasta', 5)]",569.5,-37.7994685,145.0048879,0,12.502,17.3093903,Monday,0,2
ORDK04451,2018-01-09,14:15:12,Lunch,BK,"[('Fries', 1), ('Steak', 7), ('Chicken', 7), ('Burger', 8), ('Salad', 4)]",867.8,-37.825172,144.9826071,0,6.988,13.265698535,Tuesday,0,1
ORDJ00742,2018-01-04,10:01:41,Breakfast,TP,"[('Cereal', 4), ('Eggs', 3), ('Pancake', 3), ('Coffee', 6)]",267.75,-37.819742,145.00108899999995,0,10.816,14.546161,Thursday,0,0
ORDY09815,2018-01-30,20:00:00,Dinner,TP,"[('Salmon', 3), ('Shrimp', 3)]",285.0,-37.8159859,144.9371794,0,10.441,16.4477708,Tuesday,0,2
ORDJ03292,2018-01-22,17:48:10,Dinner,TP,"[('Fish&Chips', 7), ('Pasta', 5), ('Shrimp', 10)]",922.5,-37.8139564,144.9379502,0,10.376,14.2883766,Monday,0,2
ORDI06961,2018-01-30,12:54:05,Lunch,NS,"[('Fries', 10), ('Chicken', 5), ('Salad', 3), ('Steak', 4)]",511.6,-37.8244743,144.956671,0,9.682,15.716876387,Tuesday,0,1
ORDY06735,2018-01-27,15:56:37,Lunch,TP,"[('Burger', 4), ('Salad', 7)]",244.4,-37.8026752,144.9824231,0,10.311,13.4205487,Saturday,1,1
ORDA07635,2018-01-16,11:22:49,Breakfast,BK,"[('Pancake', 2), ('Coffee', 4), ('Cereal', 3), ('Eggs', 3)]",207.5,-37.811453,144.96467009999995,0,7.425,12.1333715,Tuesday,0,0
ORDI06192,2018-01-04,15:05:54,Lunch,NS,"[('Burger', 1), ('Steak', 1)]",76.0,-37.8035987,144.9497622,0,8.347000000000001,15.3883871,Thursday,0,1
ORDK04152,2018-01-14,10:21:58,Breakfast,BK,"[('Coffee', 9), ('Cereal', 7), ('Eggs', 8)]",390.5,-37.8142456,144.9744632,0,6.7360000000000015,11.4809255,Sunday,1,0
ORDK02277,2018-01-15,13:24:30,Lunch,BK,"[('Fries', 2), ('Burger', 7), ('Salad', 2), ('Steak', 1), ('Chicken', 1)]",352.4,-37.8184751,145.0151039,0,5.251,11.277978305,Monday,0,1
ORDY09080,2018-01-26,19:49:51,Dinner,TP,"[('Fish&Chips', 1), ('Salmon', 3), ('Pasta', 1)]",185.5,-37.8068336,145.0133295,0,12.63,16.7393398,Friday,0,2
ORDK10498,2018-01-27,13:44:47,Lunch,BK,"[('Burger', 6), ('Steak', 8), ('Salad', 3), ('Fries', 10), ('Chicken', 4)]",845.6,-37.8088155,144.9490734,0,8.876,15.420754,Saturday,1,1
ORDJ10636,2018-01-08,15:16:03,Lunch,TP,"[('Fries', 7), ('Chicken', 7), ('Salad', 1), ('Steak', 4)]",505.2,-37.8063397,144.9412482,0,10.311,13.7717366,Monday,0,1
ORDX10132,2018-01-06,08:10:08,Breakfast,BK,"[('Cereal', 8), ('Pancake', 10), ('Coffee', 6), ('Eggs', 1)]",477.5,-37.8076298,145.00766389999995,1,3.793,8.641972639,Saturday,1,0
ORDK05293,2018-01-13,10:21:58,Breakfast,BK,"[('Pancake', 7), ('Cereal', 6), ('Eggs', 4)]",383.75,-37.8003883,144.9587906,0,8.277000000000001,13.3510289,Saturday,1,0
ORDC03037,2018-01-04,17:07:36,Dinner,NS,"[('Salmon', 6), ('Shrimp', 1)]",300.0,-37.8189252,144.9957258,0,9.834,15.7663882,Thursday,0,2
ORDI02944,2018-01-04,16:06:45,Dinner,NS,"[('Pasta', 4), ('Shrimp', 6)]",434.0,-37.799758,144.94916940000005,0,,14.5894346,Thursday,0,2
ORDK07991,2018-01-06,08:10:08,Breakfast,BK,"[('Pancake', 7), ('Cereal', 6), ('Eggs', 3), ('Coffee', 9)]",429.25,-37.804871,144.9533402,1,8.387,16.2685698,Saturday,1,0
ORDB04076,2018-01-19,19:39:43,Dinner,TP,"[('Fish&Chips', 5), ('Salmon', 10), ('Pasta', 8), ('Shrimp', 10)]",1345.0,-37.8052848,144.9400014,0,10.544,14.6283842,Friday,0,2
ORDA06483,2018-01-01,13:54:55,Lunch,BK,"[('Steak', 3), ('Salad', 1), ('Fries', 8)]",248.2,-37.813362700000006,144.9416517,0,9.543,18.4307863,Monday,0,1
ORDJ09042,2018-01-15,16:27:02,Dinner,TP,"[('Shrimp', 8), ('Salmon', 1)]",473.0,-37.801956,145.0033222,0,12.044,16.7128051,Monday,0,2
ORDK07283,2018-01-16,16:37:10,Dinner,BK,"[('Shrimp', 8), ('Pasta', 2)]",487.0,-37.816326200000006,144.96404750000005,0,,17.2389136,Tuesday,0,2
ORDA05833,2018-01-10,10:11:49,Breakfast,BK,"[('Pancake', 5), ('Coffee', 10), ('Eggs', 4), ('Cereal', 9)]",473.25,-37.8269597,145.01305469999997,0,,12.2179624,Wednesday,0,0
ORDA10981,2018-01-18,15:36:20,Lunch,BK,"[('Steak', 5), ('Burger', 5), ('Fries', 9), ('Chicken', 8)]",744.0,-37.812641,144.96903909999997,0,7.189,15.6450611,Thursday,0,1
ORDA08803,2018-01-05,16:06:45,Dinner,BK,"[('Shrimp', 2), ('Pasta', 3), ('Fish&Chips', 6), ('Salmon', 10)]",810.5,-37.8164324,144.9284395,0,11.584,19.614698631,Friday,0,2
ORDI06509,2018-01-19,09:31:16,Breakfast,NS,"[('Coffee', 1), ('Pancake', 8), ('Eggs', 8), ('Cereal', 10)]",587.5,-37.8242449,144.98683219999995,0,9.498,14.7819546,Friday,0,0
ORDI00838,2018-01-29,15:56:37,Lunch,NS,"[('Steak', 1), ('Fries', 2), ('Chicken', 6), ('Burger', 3), ('Salad', 4)]",422.8,-37.8106377,144.95982769999995,0,,13.2464916,Monday,0,1
ORDB04383,2018-01-21,18:49:00,Dinner,TP,"[('Fish&Chips', 3), ('Salmon', 3), ('Shrimp', 7)]",606.0,-37.8184492,144.9904138,0,9.824,14.2275206,Sunday,1,2
ORDY01106,2018-01-14,10:21:58,Breakfast,TP,"[('Cereal', 6), ('Eggs', 10), ('Coffee', 2)]",361.0,-37.8018626,145.00301130000003,0,12.019,13.8897457,Sunday,1,0
ORDZ03060,2018-01-04,13:04:13,Lunch,NS,"[('Fries', 6), ('Steak', 8), ('Burger', 7)]",649.0,-37.80739420000001,144.9986816,0,9.084,15.091569938,Thursday,0,1
ORDI09149,2018-01-07,17:17:44,Dinner,NS,"[('Fish&Chips', 4), ('Pasta', 1), ('Shrimp', 4)]",383.5,-37.8216013,144.961298,0,9.103,17.1335537,Sunday,1,2
ORDI04409,2018-01-08,15:16:03,Lunch,NS,"[('Fries', 5), ('Burger', 1), ('Salad', 8), ('Steak', 1), ('Chicken', 1)]",305.6,-37.8063174,144.9415754,0,9.361,15.2787779,Monday,0,1
ORDA05059,2018-01-16,14:25:21,Lunch,BK,"[('Chicken', 10), ('Steak', 8), ('Salad', 8)]",817.6,-37.80560300000001,144.99482790000005,0,5.08,11.3687897,Tuesday,0,1
ORDA05485,2018-01-04,18:08:27,Dinner,BK,"[('Pasta', 4), ('Salmon', 3), ('Fish&Chips', 6)]",443.0,-37.818868,144.9522176,0,8.921,17.8426929,Thursday,0,2
ORDX10192,2018-01-09,10:11:49,Breakfast,BK,"[('Coffee', 2), ('Cereal', 9), ('Pancake', 6)]",349.5,-37.8197946,144.9651388,0,,12.7596697,Tuesday,0,0
ORDZ02474,2018-01-28,10:52:23,Breakfast,NS,"[('Cereal', 5), ('Coffee', 9), ('Eggs', 3), ('Pancake', 2)]",287.0,-37.8127534,144.9641688,0,7.8210000000000015,12.7284478,Sunday,1,0
ORDC09569,2018-01-08,17:17:44,Dinner,NS,"[('Pasta', 4), ('Fish&Chips', 1), ('Salmon', 8), ('Shrimp', 7)]",851.0,-37.8166259,144.9586935,0,8.625,14.2866662,Monday,0,2
ORDI03827,2018-01-11,16:27:02,Dinner,NS,"[('Salmon', 7), ('Shrimp', 6), ('Fish&Chips', 5)]",786.0,-37.8076589,144.97048999999996,0,7.005,13.0915831,Thursday,0,2
ORDB04048,2018-01-03,14:05:04,Lunch,TP,"[('Salad', 6), ('Chicken', 9)]",391.2,-37.8097454,144.9639082,0,8.636000000000001,11.6471948,Wednesday,0,1
ORDA04703,2018-01-26,10:42:15,Breakfast,BK,"[('Cereal', 8), ('Coffee', 6), ('Eggs', 8)]",389.0,-37.8113936,144.9830234,0,5.816,10.3532988,Friday,0,0
ORDZ07024,2018-01-12,17:27:53,Dinner,NS,"[('Shrimp', 4), ('Pasta', 10), ('Salmon', 5)]",696.0,-37.8159539,144.9865358,0,8.919,14.7823546,Friday,0,2
ORDK10662,2018-01-24,08:40:33,Breakfast,BK,"[('Eggs', 1), ('Cereal', 3), ('Pancake', 1), ('Coffee', 2)]",124.25,-37.8171578,144.9593038,0,8.238999999999999,12.846293,Wednesday,0,0
ORDJ02536,2018-01-27,14:45:38,Lunch,TP,"[('Fries', 4), ('Steak', 2), ('Burger', 6), ('Salad', 4), ('Chicken', 6)]",584.8,-37.8002505,144.97008390000005,0,9.988,13.2005475,Saturday,1,1
ORDK10783,2018-01-30,15:56:37,Lunch,BK,"[('Fries', 10), ('Salad', 3)]",171.6,-37.8174011,144.9705456,0,7.895,14.0069432,Tuesday,0,1
ORDX00015,2018-01-01,16:57:27,Dinner,BK,"[('Shrimp', 2), ('Pasta', 4)]",218.0,-37.81262150000001,144.97381430000004,0,6.823,13.8096479,Monday,0,2
ORDA06551,2018-01-12,16:27:02,Dinner,BK,"[('Pasta', 5), ('Shrimp', 7), ('Fish&Chips', 3), ('Salmon', 8)]",948.5,-37.8074268,144.9422621,0,9.545,16.3379217,Friday,0,2
ORDJ04684,2018-01-23,15:46:28,Lunch,TP,"[('Fries', 7), ('Steak', 8), ('Chicken', 6)]",636.0,-37.823148,144.98807140000005,0,9.327,12.4942959,Tuesday,0,1
ORDI02953,2018-01-02,13:54:55,Lunch,NS,"[('Burger', 9), ('Fries', 10), ('Salad', 3), ('Steak', 8)]",810.6,-37.81513270000001,144.9449192,0,9.196,14.6076307,Tuesday,0,1
ORDC04894,2018-01-23,10:42:15,Breakfast,NS,"[('Pancake', 4), ('Cereal', 2), ('Eggs', 6)]",271.0,-37.8205669,144.98502380000005,0,9.203,14.892181747,Tuesday,0,0
ORDC06871,2018-01-12,17:27:53,Dinner,NS,"[('Salmon', 5), ('Pasta', 9), ('Fish&Chips', 10)]",802.5,-37.8214227,144.9431062,0,10.204,16.6503982,Friday,0,2
ORDC04815,2018-01-25,14:45:38,Lunch,NS,"[('Fries', 4), ('Burger', 1)]",79.0,-37.81173620000001,144.95632690000005,0,8.115,13.7399094,Thursday,0,1
ORDK10724,2018-01-03,10:01:41,Breakfast,BK,"[('Cereal', 5), ('Eggs', 6)]",237.0,-37.7999175,144.9690896,0,7.766,15.1818705,Wednesday,0,0
