,order_id,date,time,order_type,branch_code,order_items,order_price,customer_lat,customer_lon,customerHasloyalty?,distance_to_customer_KM,delivery_fee,day_of_week,day_of_week_type,time_of_day_type
0,ORDI09344,2018-01-29,17:58:18,Dinner,NS,"[('Fish&Chips', 2), ('Pasta', 8), ('Shrimp', 5)]",560.0,-37.8214424,144.9665591,0,8.854,14.9168223,Monday,0,2
1,ORDK10763,2018-01-31,20:00:00,Dinner,BK,"[('Shrimp', 3), ('Salmon', 1)]",203.0,-37.805286200000005,145.00533149999998,0,5.071000000000001,11.844729199999998,Wednesday,0,2
2,ORDJ04661,2018-01-26,11:43:05,Breakfast,TP,"[('Pancake', 1), ('Eggs', 3), ('Coffee', 5)]",127.75,-37.8017925,144.917105,0,12.488,14.2612682,Friday,0,0
3,ORDA07483,2018-01-16,17:27:53,Dinner,BK,"[('Fish&Chips', 9), ('Pasta', 7), ('Salmon', 3)]",630.5,-37.823082,144.99159469999998,0,5.997000000000001,12.953977900000002,Tuesday,0,2
4,ORDA10530,2018-01-24,08:40:33,Breakfast,BK,"[('Cereal', 4), ('Pancake', 5)]",205.25,-37.8061701,144.9550219,0,8.179,13.4621258,Wednesday,0,0
5,ORDC01444,2018-01-22,08:40:33,Breakfast,NS,"[('Coffee', 2), ('Cereal', 4), ('Pancake', 9)]",317.25,-37.8227358,144.95545819999998,0,9.543,14.413525400000001,Monday,0,0
6,ORDX05385,2018-01-02,13:54:55,Lunch,BK,"[('Chicken', 5), ('Fries', 7), ('Salad', 10)]",416.0,-37.8121675,144.9553308,0,8.193,14.166488000000001,Tuesday,0,1
7,ORDB01969,2018-01-19,16:37:10,Dinner,TP,"[('Shrimp', 9), ('Salmon', 9), ('Fish&Chips', 1), ('Pasta', 6)]",1055.0,-37.8151162,145.00148230000002,0,11.01,14.828485,Friday,0,2
8,ORDC08746,2018-01-03,15:05:54,Lunch,NS,"[('Chicken', 9), ('Fries', 1), ('Salad', 3), ('Burger', 5)]",506.6,-37.8194705,144.9719779,0,9.592,14.686461800000002,Wednesday,0,1
9,ORDX07238,2018-01-16,09:31:16,Breakfast,BK,"[('Cereal', 6), ('Coffee', 9), ('Eggs', 7), ('Pancake', 6)]",493.0,-37.8208845,144.9548011,0,8.617,13.527069000000001,Tuesday,0,0
10,ORDZ03476,2018-01-08,18:18:35,Dinner,NS,"[('Salmon', 8), ('Pasta', 3)]",410.5,-37.8156548,144.963956,0,8.198,14.3652786,Monday,0,2
11,ORDB02750,2018-01-30,13:54:55,Lunch,TP,"[('Chicken', 4), ('Fries', 9)]",236.0,-37.8167591,144.9822729,0,9.091000000000001,13.9957084,Tuesday,0,1
12,ORDI07009,2018-01-02,19:09:17,Dinner,NS,"[('Fish&Chips', 10), ('Shrimp', 3), ('Salmon', 9), ('Pasta', 8)]",1101.0,-37.821093499999996,144.98787019999997,0,9.376,17.1981942,Tuesday,0,2
13,ORDC05751,2018-01-09,18:18:35,Dinner,NS,"[('Shrimp', 1), ('Salmon', 1), ('Fish&Chips', 4)]",235.0,-37.8111128,144.9910169,0,8.786,14.8612704,Tuesday,0,2
14,ORDZ09598,2018-01-23,12:43:56,Lunch,NS,"[('Fries', 4), ('Salad', 9), ('Burger', 7), ('Chicken', 8)]",675.8,-37.8146613,144.9854064,0,8.693,14.2817112,Tuesday,0,1
15,ORDJ01634,2018-01-14,14:25:21,Lunch,TP,"[('Fries', 10), ('Salad', 10), ('Steak', 3), ('Burger', 7), ('Chicken', 4)]",772.0,-37.8192177,145.0056829,0,11.094000000000001,16.0225991,Sunday,1,1
16,ORDI07222,2018-01-16,16:27:02,Dinner,NS,"[('Pasta', 6), ('Fish&Chips', 5), ('Shrimp', 7)]",718.0,-37.821239500000004,144.9574733,0,9.304,17.5042549,Tuesday,0,2
17,ORDX08491,2018-01-12,17:27:53,Dinner,BK,"[('Shrimp', 7), ('Salmon', 6)]",624.0,-37.811164899999994,144.9899736,0,5.127999999999999,11.6873913,Friday,0,2
18,ORDZ09961,2018-01-05,09:00:50,Breakfast,NS,"[('Eggs', 7), ('Coffee', 3), ('Pancake', 8)]",370.5,-37.8197689,145.01065590000002,0,11.079,16.4525667,Friday,0,0
19,ORDJ05959,2018-01-07,09:10:59,Breakfast,TP,"[('Cereal', 7), ('Eggs', 5), ('Pancake', 4), ('Coffee', 2)]",369.0,-37.8050968,144.9287544,0,11.305,13.0892353,Sunday,1,0
20,ORDC01960,2018-01-11,18:28:43,Dinner,NS,"[('Shrimp', 7), ('Fish&Chips', 8)]",658.0,-37.8030898,144.9612977,0,7.192,15.254589600000001,Thursday,0,2
21,ORDZ04724,2018-01-31,12:54:05,Lunch,NS,"[('Burger', 4), ('Salad', 2), ('Steak', 8), ('Fries', 7), ('Chicken', 9)]",890.4,-37.8202972,144.9577737,0,9.172,14.831762699999999,Wednesday,0,1
22,ORDY06827,2018-01-18,11:32:57,Breakfast,TP,"[('Coffee', 1), ('Cereal', 9)]",196.5,-37.8176226,144.96837050000002,0,8.022,10.7641214,Thursday,0,0
23,ORDY04275,2018-01-19,14:35:29,Lunch,TP,"[('Chicken', 10), ('Fries', 5), ('Steak', 5)]",605.0,-37.7999311,144.94779499999999,0,10.404000000000002,13.590137099999998,Friday,0,1
24,ORDC05719,2018-01-19,08:30:25,Breakfast,NS,"[('Coffee', 7), ('Cereal', 8), ('Eggs', 10), ('Pancake', 1)]",464.75,-37.8115492,144.9362069,0,10.454,15.286415099999997,Friday,0,0
25,ORDY09691,2018-01-12,15:26:11,Lunch,TP,"[('Salad', 10), ('Burger', 6), ('Fries', 2), ('Chicken', 4)]",510.0,-37.816314299999995,144.9893275,0,9.915,14.365165300000003,Friday,0,1
26,ORDC08895,2018-01-11,13:14:21,Lunch,NS,"[('Salad', 5), ('Steak', 5)]",311.0,-37.8237941,144.9474733,0,10.16,15.447423800000001,Thursday,0,1
27,ORDZ03555,2018-01-01,10:52:23,Breakfast,NS,"[('Pancake', 4), ('Cereal', 6), ('Coffee', 5)]",260.5,-37.81900770000001,144.9543041,0,9.172,16.462297699999997,Monday,0,0
28,ORDC09521,2018-01-05,12:03:22,Lunch,NS,"[('Salad', 9), ('Burger', 9), ('Chicken', 2)]",497.8,-37.8024286,144.99854309999998,0,8.804,16.0998968,Friday,0,1
29,ORDZ05090,2018-01-02,09:51:32,Breakfast,NS,"[('Eggs', 8), ('Cereal', 9)]",365.0,-37.818487700000006,144.99459,0,9.686,14.356527900000001,Tuesday,0,0
30,ORDA08051,2018-01-06,14:05:04,Lunch,BK,"[('Fries', 5), ('Chicken', 5), ('Burger', 5), ('Steak', 1)]",420.0,-37.821150700000004,144.9982666,0,5.231,11.017224800000001,Saturday,1,1
31,ORDY01469,2018-01-16,16:37:10,Dinner,TP,"[('Pasta', 9), ('Shrimp', 7), ('Fish&Chips', 6)]",835.5,-37.8059182,144.9366503,0,10.628,16.6182716,Tuesday,0,2
32,ORDY07901,2018-01-25,13:44:47,Lunch,TP,"[('Burger', 10), ('Chicken', 9), ('Salad', 6), ('Fries', 6), ('Steak', 7)]",1088.2,-37.824664,144.9829361,0,8.918,12.4466019,Thursday,0,1
33,ORDY06591,2018-01-09,11:12:40,Breakfast,TP,"[('Cereal', 4), ('Eggs', 1), ('Pancake', 2), ('Coffee', 5)]",192.0,-37.807893799999995,144.9733125,0,9.248,11.5191781,Tuesday,0,0
34,ORDC05657,2018-01-15,19:29:34,Dinner,NS,"[('Shrimp', 7), ('Salmon', 5)]",583.0,-37.817783899999995,144.96602019999997,0,8.435,16.0718823,Monday,0,2
35,ORDX03004,2018-01-14,13:24:30,Lunch,BK,"[('Burger', 5), ('Salad', 2), ('Fries', 3), ('Steak', 3), ('Chicken', 8)]",616.4,-37.809549,144.9638737,0,7.377000000000001,13.114312,Sunday,1,1
36,ORDA08346,2018-01-06,19:09:17,Dinner,BK,"[('Salmon', 8), ('Shrimp', 9)]",814.0,-37.815592200000005,144.9665938,0,7.518,14.1605441,Saturday,1,2
37,ORDK05767,2018-01-21,12:33:48,Lunch,BK,"[('Chicken', 5), ('Steak', 4), ('Fries', 1), ('Salad', 4), ('Burger', 7)]",637.8,-37.82320670000001,145.0082041,0,4.822,10.1063607,Sunday,1,1
38,ORDJ02685,2018-01-18,10:32:06,Breakfast,TP,"[('Eggs', 1), ('Coffee', 4)]",52.0,-37.811398499999996,144.97288989999998,0,8.847999999999999,13.1107954,Thursday,0,0
39,ORDZ04406,2018-01-24,18:49:00,Dinner,NS,"[('Pasta', 1), ('Salmon', 10)]",437.5,-37.8131243,144.9401031,0,9.628,17.962958,Wednesday,0,2
40,ORDX06832,2018-01-24,15:46:28,Lunch,BK,"[('Fries', 3), ('Chicken', 1)]",68.0,-37.821047899999996,144.9655492,0,7.999,13.8832032,Wednesday,0,1
41,ORDX07305,2018-01-24,19:49:51,Dinner,BK,"[('Pasta', 4), ('Shrimp', 7)]",488.0,-37.8185006,145.0026771,0,4.612,10.788034399999999,Wednesday,0,2
42,ORDB01197,2018-01-27,08:50:42,Breakfast,TP,"[('Cereal', 4), ('Coffee', 1), ('Pancake', 6), ('Eggs', 4)]",325.0,-37.810256700000004,144.93847150000002,0,10.317,13.996136300000002,Saturday,1,0
43,ORDX04425,2018-01-22,15:46:28,Lunch,BK,"[('Fries', 5), ('Chicken', 8), ('Salad', 3), ('Burger', 10)]",677.6,-37.8115345,144.94900859999998,0,8.836,14.314001300000001,Monday,0,1
44,ORDZ05514,2018-01-25,17:48:10,Dinner,NS,"[('Salmon', 7), ('Shrimp', 1), ('Fish&Chips', 3)]",446.0,-37.8182858,144.9787691,0,8.54,14.4499946,Thursday,0,2
45,ORDI09268,2018-01-02,13:54:55,Lunch,NS,"[('Steak', 2), ('Chicken', 9), ('Burger', 3)]",471.0,-37.8121675,144.9553308,0,8.217,14.2432146,Tuesday,0,1
46,ORDB05766,2018-01-23,16:47:19,Dinner,TP,"[('Shrimp', 5), ('Fish&Chips', 2), ('Pasta', 8)]",560.0,-37.825517600000005,144.95160790000003,0,8.527000000000001,14.5258079,Tuesday,0,2
47,ORDB00425,2018-01-11,17:17:44,Dinner,TP,"[('Salmon', 2), ('Fish&Chips', 2)]",152.0,-37.822442200000005,144.97184030000003,0,8.117,12.2518342,Thursday,0,2
48,ORDJ00233,2018-01-14,15:26:11,Lunch,TP,"[('Chicken', 4), ('Burger', 9), ('Fries', 8)]",503.0,-37.801343100000004,144.95283899999998,0,9.867,13.0530032,Sunday,1,1
49,ORDJ03495,2018-01-09,10:11:49,Breakfast,TP,"[('Eggs', 8), ('Pancake', 1)]",200.25,-37.8157963,144.9664983,0,7.974,10.543902699999999,Tuesday,0,0
50,ORDZ00401,2018-01-18,19:39:43,Dinner,NS,"[('Pasta', 7), ('Fish&Chips', 7), ('Salmon', 6), ('Shrimp', 8)]",1115.5,-37.8088537,144.9469016,0,8.92,15.1145357,Thursday,0,2
51,ORDB03914,2018-01-05,13:04:13,Lunch,TP,"[('Chicken', 5), ('Burger', 1), ('Fries', 6), ('Salad', 1)]",280.2,-37.8198669,144.9601208,0,7.685,11.120422900000001,Friday,0,1
52,ORDA03553,2018-01-23,14:45:38,Lunch,BK,"[('Burger', 7), ('Fries', 1), ('Steak', 2)]",319.0,-37.8081859,144.94780740000002,0,9.029,15.368001000000001,Tuesday,0,1
53,ORDI01641,2018-01-13,16:27:02,Dinner,NS,"[('Pasta', 3), ('Fish&Chips', 10), ('Salmon', 10)]",842.5,-37.809283799999996,144.95753069999998,0,7.909,14.039457,Saturday,1,2
54,ORDJ03240,2018-01-17,10:21:58,Breakfast,TP,"[('Pancake', 1), ('Cereal', 9)]",213.25,-37.823242,144.9881207,0,9.33,13.465146300000002,Wednesday,0,0
55,ORDC10264,2018-01-07,18:18:35,Dinner,NS,"[('Pasta', 7), ('Fish&Chips', 8)]",472.5,-37.8091936,144.9610091,0,7.712999999999999,13.617042499999998,Sunday,1,2
56,ORDZ06550,2018-01-27,12:43:56,Lunch,NS,"[('Fries', 4), ('Steak', 10), ('Burger', 10), ('Chicken', 8), ('Salad', 2)]",1098.4,-37.8248384,144.99132849999998,0,9.727,16.4422985,Saturday,1,1
57,ORDX01798,2018-01-22,19:49:51,Dinner,BK,"[('Pasta', 10), ('Salmon', 8), ('Shrimp', 3), ('Fish&Chips', 2)]",835.0,-37.8074932,144.9680408,0,7.016,16.8271907,Monday,0,2
58,ORDI02605,2018-01-15,09:21:07,Breakfast,NS,"[('Coffee', 7), ('Eggs', 1), ('Cereal', 2), ('Pancake', 9)]",334.75,-37.823192799999994,144.960834,0,9.283,14.0571188,Monday,0,0
59,ORDY07676,2018-01-29,13:54:55,Lunch,TP,"[('Salad', 9), ('Burger', 8), ('Steak', 2)]",492.8,-37.8221797,144.9311455,0,12.133,15.359283900000001,Monday,0,1
60,ORDJ07534,2018-01-24,15:46:28,Lunch,TP,"[('Salad', 6), ('Chicken', 9), ('Burger', 4), ('Fries', 1)]",527.2,-37.805124,144.9370784,0,10.719000000000001,13.5348495,Wednesday,0,1
61,ORDB05288,2018-01-08,16:16:54,Dinner,TP,"[('Fish&Chips', 2), ('Shrimp', 4)]",286.0,-37.8209853,144.9767008,0,8.719,14.2993793,Monday,0,2
62,ORDB02970,2018-01-07,17:17:44,Dinner,TP,"[('Salmon', 5), ('Shrimp', 7)]",583.0,-37.8209342,144.9613737,0,7.466,13.15076,Sunday,1,2
63,ORDB09438,2018-01-19,13:34:38,Lunch,TP,"[('Salad', 9), ('Burger', 4), ('Fries', 3)]",314.8,-37.80468870000001,144.9728869,0,9.646,12.8693424,Friday,0,1
64,ORDI07994,2018-01-06,13:04:13,Lunch,NS,"[('Burger', 4), ('Fries', 2), ('Salad', 2), ('Steak', 3)]",317.4,-37.824386700000005,144.9530682,0,9.96,15.480482,Saturday,1,1
65,ORDK00112,2018-01-11,11:12:40,Breakfast,BK,"[('Cereal', 4), ('Pancake', 2)]",132.5,-37.807747799999994,144.9629014,0,7.497999999999999,12.2541187,Thursday,0,0
66,ORDC05879,2018-01-16,15:26:11,Lunch,NS,"[('Fries', 4), ('Steak', 1), ('Chicken', 2), ('Salad', 8), ('Burger', 7)]",511.6,-37.809744200000004,144.9912476,0,8.66,14.4360763,Tuesday,0,1
67,ORDB08119,2018-01-03,16:06:45,Dinner,TP,"[('Pasta', 1), ('Shrimp', 2), ('Salmon', 7), ('Fish&Chips', 2)]",492.5,-37.8148086,144.9357019,0,10.686,14.290730900000002,Wednesday,0,2
68,ORDK06789,2018-01-17,16:37:10,Dinner,BK,"[('Salmon', 6), ('Fish&Chips', 9)]",561.0,-37.8093139,145.0194308,0,4.393,10.725188099999999,Wednesday,0,2
69,ORDZ03489,2018-01-21,15:36:20,Lunch,NS,"[('Steak', 3), ('Fries', 6), ('Salad', 1), ('Burger', 3)]",317.2,-37.8190933,144.9787206,0,9.529,15.0750016,Sunday,1,1
70,ORDY01497,2018-01-03,19:09:17,Dinner,TP,"[('Pasta', 6), ('Shrimp', 10), ('Salmon', 1)]",746.0,-37.8209409,144.969902,0,7.787999999999999,12.1022305,Wednesday,0,2
71,ORDA00896,2018-01-11,16:16:54,Dinner,BK,"[('Shrimp', 8), ('Fish&Chips', 8)]",712.0,-37.8178305,144.9487158,0,9.12,16.1476282,Thursday,0,2
72,ORDB08812,2018-01-24,17:48:10,Dinner,TP,"[('Pasta', 10), ('Shrimp', 10)]",815.0,-37.820180900000004,144.9669521,0,7.4670000000000005,11.9977006,Wednesday,0,2
73,ORDX03880,2018-01-01,13:54:55,Lunch,BK,"[('Steak', 8), ('Burger', 3)]",453.0,-37.8187148,144.96718230000002,0,7.62,16.2316277,Monday,0,1
74,ORDK07987,2018-01-12,11:22:49,Breakfast,BK,"[('Pancake', 2), ('Cereal', 2)]",90.5,-37.809982,144.9645405,0,7.388999999999999,12.404569,Friday,0,0
75,ORDX01422,2018-01-03,10:01:41,Breakfast,BK,"[('Coffee', 8), ('Pancake', 1), ('Cereal', 9), ('Eggs', 10)]",493.25,-37.8206673,144.956766,0,8.441,15.8224922,Wednesday,0,0
76,ORDY10587,2018-01-10,09:10:59,Breakfast,TP,"[('Eggs', 3), ('Cereal', 6), ('Coffee', 5)]",229.5,-37.804517700000005,144.9713513,0,9.88,13.7760929,Wednesday,0,0
77,ORDK02580,2018-01-18,12:33:48,Lunch,BK,"[('Fries', 2), ('Salad', 5), ('Steak', 10), ('Chicken', 2)]",624.0,-37.8148787,144.9449115,0,9.171,15.4361033,Thursday,0,1
78,ORDY10748,2018-01-18,18:38:52,Dinner,TP,"[('Salmon', 5), ('Pasta', 1), ('Shrimp', 4)]",448.5,-37.8195195,145.0082389,0,11.325,16.5992306,Thursday,0,2
79,ORDX02569,2018-01-19,09:31:16,Breakfast,BK,"[('Pancake', 5), ('Eggs', 3)]",187.25,-37.8062706,144.9463341,0,9.097999999999999,13.4120437,Friday,0,0
80,ORDA02292,2018-01-01,09:00:50,Breakfast,BK,"[('Cereal', 1), ('Pancake', 6), ('Eggs', 5), ('Coffee', 8)]",336.5,-37.8059885,144.95708390000001,0,7.962000000000001,12.4278978,Monday,0,0
81,ORDK00899,2018-01-03,08:00:00,Breakfast,BK,"[('Eggs', 10), ('Pancake', 4)]",317.0,-37.813486499999996,144.94080480000002,1,9.62,7.2369089,Wednesday,0,0
82,ORDB01519,2018-01-04,09:00:50,Breakfast,TP,"[('Pancake', 4), ('Coffee', 9), ('Cereal', 8), ('Eggs', 5)]",442.5,-37.8094124,144.95627040000002,0,8.971,13.120432800000001,Thursday,0,0
83,ORDC00944,2018-01-21,15:36:20,Lunch,NS,"[('Burger', 2), ('Fries', 3), ('Chicken', 6), ('Steak', 2)]",380.0,-37.823834399999996,144.9907869,0,9.683,15.1784337,Sunday,1,1
84,ORDB03716,2018-01-06,12:03:22,Lunch,TP,"[('Fries', 2), ('Salad', 8), ('Burger', 8)]",409.6,-37.8087321,144.9473669,0,9.759,14.4886512,Saturday,1,1
85,ORDA09516,2018-01-09,15:16:03,Lunch,BK,"[('Salad', 9), ('Steak', 9), ('Fries', 9), ('Burger', 3)]",760.8,-37.8155547,144.9880593,0,5.672000000000001,11.427114999999999,Tuesday,0,1
86,ORDK04027,2018-01-09,12:13:31,Lunch,BK,"[('Steak', 3), ('Fries', 10), ('Salad', 6), ('Burger', 4), ('Chicken', 1)]",514.2,-37.816603799999996,144.9869954,0,5.869,11.6293647,Tuesday,0,1
87,ORDY00628,2018-01-07,10:01:41,Breakfast,TP,"[('Coffee', 5), ('Pancake', 2)]",86.0,-37.8128991,144.9523155,0,8.997,11.517660000000001,Sunday,1,0
88,ORDK03776,2018-01-30,20:00:00,Dinner,BK,"[('Shrimp', 8), ('Fish&Chips', 1), ('Pasta', 4), ('Salmon', 1)]",618.0,-37.8158381,144.93725590000003,0,10.031,19.8178992,Tuesday,0,2
89,ORDC01607,2018-01-14,08:20:16,Breakfast,NS,"[('Coffee', 3), ('Cereal', 6)]",148.5,-37.8181279,144.9485845,1,9.457,8.2683164,Sunday,1,0
90,ORDA02093,2018-01-06,13:04:13,Lunch,BK,"[('Chicken', 5), ('Steak', 3), ('Fries', 9), ('Salad', 2)]",437.4,-37.817465999999996,144.9617719,0,8.002,14.405520600000001,Saturday,1,1
91,ORDI00386,2018-01-24,10:42:15,Breakfast,NS,"[('Eggs', 1), ('Cereal', 10), ('Coffee', 5)]",269.5,-37.81889520000001,144.981781,0,8.828,15.6732968,Wednesday,0,0
92,ORDY04416,2018-01-26,10:42:15,Breakfast,TP,"[('Coffee', 6), ('Pancake', 3), ('Eggs', 10)]",337.75,-37.8252008,144.9462692,0,8.943999999999999,12.026800099999999,Friday,0,0
93,ORDC05357,2018-01-07,15:16:03,Lunch,NS,"[('Steak', 9), ('Chicken', 7), ('Salad', 5), ('Fries', 10)]",835.0,-37.810809899999995,145.01407350000002,0,10.735,16.3990744,Sunday,1,1
94,ORDY02016,2018-01-03,15:05:54,Lunch,TP,"[('Fries', 1), ('Burger', 7), ('Salad', 6)]",332.2,-37.81658779999999,144.98765869999997,0,9.579,12.6069101,Wednesday,0,1
95,ORDZ09249,2018-01-14,16:27:02,Dinner,NS,"[('Shrimp', 10), ('Salmon', 9), ('Fish&Chips', 6), ('Pasta', 4)]",1229.0,-37.812898600000004,144.9562336,0,8.263,13.8975676,Sunday,1,2
96,ORDK05018,2018-01-23,09:41:24,Breakfast,BK,"[('Eggs', 1), ('Pancake', 2)]",70.5,-37.8063872,144.9324071,0,10.354000000000001,15.3442204,Tuesday,0,0
97,ORDK05564,2018-01-25,19:49:51,Dinner,BK,"[('Salmon', 9), ('Pasta', 9), ('Fish&Chips', 3), ('Shrimp', 8)]",1153.5,-37.8248994,144.9567484,0,8.875,15.562576199999999,Thursday,0,2
98,ORDC03638,2018-01-14,10:21:58,Breakfast,NS,"[('Coffee', 3), ('Pancake', 6)]",168.0,-37.806713099999996,144.9688406,0,6.8020000000000005,11.930847199999999,Sunday,1,0
99,ORDJ01842,2018-01-05,15:05:54,Lunch,TP,"[('Chicken', 9), ('Salad', 2)]",322.4,-37.813293,144.95145480000002,0,9.059,13.8502825,Friday,0,1
100,ORDB10662,2018-01-17,08:30:25,Breakfast,TP,"[('Eggs', 6), ('Coffee', 1), ('Pancake', 8)]",333.5,-37.808776200000004,145.0086454,1,12.033,7.6438891,Wednesday,0,0
101,ORDA01027,2018-01-04,17:07:36,Dinner,BK,"[('Pasta', 6), ('Shrimp', 8), ('Fish&Chips', 9), ('Salmon', 1)]",953.0,-37.8189252,144.9957258,0,5.245,12.2900799,Thursday,0,2
102,ORDJ11053,2018-01-30,16:57:27,Dinner,TP,"[('Shrimp', 1), ('Pasta', 7), ('Fish&Chips', 5)]",421.5,-37.7989222,144.977281,0,10.282,15.878665,Tuesday,0,2
103,ORDY03273,2018-01-31,17:58:18,Dinner,TP,"[('Salmon', 3), ('Fish&Chips', 6)]",333.0,-37.821154799999995,144.9627111,0,7.367999999999999,11.4097022,Wednesday,0,2
104,ORDA06824,2018-01-07,09:10:59,Breakfast,BK,"[('Pancake', 3), ('Eggs', 10), ('Coffee', 6)]",337.75,-37.8159167,144.9724358,0,6.94,11.536114300000001,Sunday,1,0
105,ORDK09787,2018-01-21,16:47:19,Dinner,BK,"[('Salmon', 3), ('Shrimp', 9), ('Fish&Chips', 4), ('Pasta', 6)]",914.0,-37.8203203,144.95772580000002,0,8.339,15.692183600000002,Sunday,1,2
106,ORDC03004,2018-01-22,12:33:48,Lunch,NS,"[('Salad', 4), ('Steak', 7), ('Fries', 3), ('Chicken', 5), ('Burger', 1)]",610.8,-37.8071968,144.9452116,0,9.06,15.0337124,Monday,0,1
107,ORDB04163,2018-01-24,15:46:28,Lunch,TP,"[('Burger', 2), ('Steak', 5)]",287.0,-37.8020571,144.95417680000003,0,9.712,12.745087400000001,Wednesday,0,1
108,ORDJ06486,2018-01-01,10:52:23,Breakfast,TP,"[('Coffee', 2), ('Eggs', 2)]",59.0,-37.8169463,144.9533552,0,8.602,12.7631442,Monday,0,0
109,ORDB08394,2018-01-28,13:54:55,Lunch,TP,"[('Salad', 10), ('Fries', 8), ('Steak', 4), ('Chicken', 10), ('Burger', 8)]",1016.0,-37.811453,144.9489719,0,9.412,12.7105903,Sunday,1,1
110,ORDA08129,2018-01-12,14:15:12,Lunch,BK,"[('Salad', 6), ('Fries', 10), ('Steak', 4), ('Burger', 8)]",651.2,-37.8190572,145.0038094,0,4.542,10.3885099,Friday,0,1
111,ORDK09470,2018-01-06,11:02:32,Breakfast,BK,"[('Cereal', 8), ('Eggs', 6)]",300.0,-37.8120005,144.9654688,0,7.459,12.0119846,Saturday,1,0
112,ORDC10558,2018-01-24,09:41:24,Breakfast,NS,"[('Pancake', 4), ('Eggs', 4), ('Coffee', 9), ('Cereal', 6)]",378.5,-37.801066999999996,144.945902,0,8.451,15.0470687,Wednesday,0,0
113,ORDY03059,2018-01-25,09:51:32,Breakfast,TP,"[('Pancake', 3), ('Coffee', 6)]",117.75,-37.8023815,144.99146159999998,0,11.014000000000001,14.098959099999998,Thursday,0,0
114,ORDZ05429,2018-01-28,11:53:14,Breakfast,NS,"[('Cereal', 2), ('Pancake', 3)]",114.75,-37.8157995,144.9636952,0,8.357000000000001,14.994839,Sunday,1,0
115,ORDX01311,2018-01-24,11:43:05,Breakfast,BK,"[('Eggs', 2), ('Cereal', 6), ('Pancake', 2), ('Coffee', 1)]",226.0,-37.8188066,144.9703017,0,7.474,11.9333757,Wednesday,0,0
116,ORDA04189,2018-01-22,19:49:51,Dinner,BK,"[('Shrimp', 2), ('Pasta', 1), ('Fish&Chips', 2)]",205.5,-37.8096824,144.97259330000003,0,6.728,15.6308179,Monday,0,2
117,ORDK09937,2018-01-17,10:21:58,Breakfast,BK,"[('Cereal', 3), ('Pancake', 10), ('Coffee', 10), ('Eggs', 10)]",600.5,-37.821411499999996,144.9892355,0,6.062,13.1827625,Wednesday,0,0
118,ORDZ09447,2018-01-28,12:54:05,Lunch,NS,"[('Burger', 4), ('Salad', 9)]",278.8,-37.8008619,144.94484169999998,0,8.538,14.167139,Sunday,1,1
119,ORDX06538,2018-01-03,17:07:36,Dinner,BK,"[('Fish&Chips', 4), ('Shrimp', 4), ('Pasta', 2), ('Salmon', 9)]",780.0,-37.8088924,144.9566061,0,8.077,15.046420900000001,Wednesday,0,2
120,ORDY01420,2018-01-04,10:01:41,Breakfast,TP,"[('Pancake', 8), ('Cereal', 1)]",215.0,-37.804539,144.9742998,0,9.72,13.2622744,Thursday,0,0
121,ORDC09745,2018-01-14,14:25:21,Lunch,NS,"[('Chicken', 1), ('Steak', 8), ('Fries', 7), ('Salad', 1), ('Burger', 7)]",710.2,-37.818898,145.00259450000001,0,10.354000000000001,17.8102316,Sunday,1,1
122,ORDZ03467,2018-01-08,09:10:59,Breakfast,NS,"[('Coffee', 9), ('Eggs', 2)]",111.5,-37.8168264,144.9505586,0,9.724,14.691057800000001,Monday,0,0
123,ORDZ02104,2018-01-28,20:00:00,Dinner,NS,"[('Pasta', 6), ('Salmon', 5), ('Fish&Chips', 1), ('Shrimp', 5)]",675.0,-37.81946129999999,144.9526561,0,9.33,15.485757000000001,Sunday,1,2
124,ORDA07335,2018-01-13,10:21:58,Breakfast,BK,"[('Eggs', 10), ('Pancake', 10), ('Coffee', 6)]",507.5,-37.8103666,144.98004699999998,0,6.021,10.767475099999999,Saturday,1,0
125,ORDZ06038,2018-01-08,10:11:49,Breakfast,NS,"[('Cereal', 9), ('Eggs', 7), ('Pancake', 4)]",440.0,-37.808183899999996,144.9731736,0,7.119,12.2975497,Monday,0,0
126,ORDC10998,2018-01-21,11:32:57,Breakfast,NS,"[('Cereal', 6), ('Eggs', 5), ('Coffee', 10), ('Pancake', 5)]",432.25,-37.8191184,144.95211909999998,0,9.346,16.170173300000002,Sunday,1,0
127,ORDY09642,2018-01-01,16:06:45,Dinner,TP,"[('Salmon', 4), ('Fish&Chips', 3), ('Pasta', 1), ('Shrimp', 3)]",458.5,-37.8150115,144.9601599,0,8.274,14.544794099999999,Monday,0,2
128,ORDA05410,2018-01-28,18:59:09,Dinner,BK,"[('Fish&Chips', 9), ('Shrimp', 3), ('Salmon', 2)]",559.0,-37.8111501,144.9622637,0,7.621,14.5899978,Sunday,1,2
129,ORDJ01084,2018-01-27,11:43:05,Breakfast,TP,"[('Pancake', 8), ('Coffee', 5)]",231.5,-37.8134714,144.965322,0,8.222999999999999,10.9826358,Saturday,1,0
130,ORDJ09500,2018-01-29,17:58:18,Dinner,TP,"[('Fish&Chips', 10), ('Shrimp', 4)]",566.0,-37.817887899999995,144.96213659999998,0,7.867999999999999,12.285817199999999,Monday,0,2
131,ORDY00852,2018-01-02,19:09:17,Dinner,TP,"[('Fish&Chips', 8), ('Pasta', 7)]",472.5,-37.8189447,144.9586486,0,7.912000000000001,13.806726000000001,Tuesday,0,2
132,ORDK02778,2018-01-26,15:46:28,Lunch,BK,"[('Fries', 4), ('Chicken', 2), ('Burger', 6), ('Salad', 2), ('Steak', 2)]",422.4,-37.802566299999995,144.9931222,0,5.4670000000000005,14.002709699999999,Friday,0,1
133,ORDZ04831,2018-01-15,18:28:43,Dinner,NS,"[('Salmon', 9), ('Fish&Chips', 2), ('Pasta', 3), ('Shrimp', 4)]",737.5,-37.8238251,144.95929669999998,0,9.96,16.295675199999998,Monday,0,2
134,ORDX06214,2018-01-17,13:34:38,Lunch,BK,"[('Chicken', 7), ('Salad', 8)]",361.6,-37.8180463,144.9771669,0,7.482,16.2440359,Wednesday,0,1
135,ORDX03471,2018-01-06,19:09:17,Dinner,BK,"[('Shrimp', 2), ('Pasta', 4)]",218.0,-37.817454600000005,144.9601718,0,8.132,15.041739600000001,Saturday,1,2
136,ORDK04517,2018-01-05,15:05:54,Lunch,BK,"[('Chicken', 9), ('Salad', 6), ('Steak', 2), ('Burger', 6)]",667.2,-37.8132864,144.9514763,0,8.556000000000001,16.7950582,Friday,0,1
137,ORDA00356,2018-01-26,17:48:10,Dinner,BK,"[('Shrimp', 5), ('Salmon', 5), ('Pasta', 5)]",612.5,-37.8038035,144.9781357,0,6.94,13.669006699999999,Friday,0,2
138,ORDK05722,2018-01-25,15:46:28,Lunch,BK,"[('Chicken', 3), ('Steak', 9), ('Salad', 6), ('Burger', 4)]",728.2,-37.8053164,144.937245,0,9.83,18.3762349,Thursday,0,1
139,ORDJ06799,2018-01-26,19:49:51,Dinner,TP,"[('Shrimp', 7), ('Fish&Chips', 7), ('Salmon', 7), ('Pasta', 9)]",1157.5,-37.8129499,144.93928789999998,0,10.219,14.610924800000003,Friday,0,2
140,ORDB03469,2018-01-27,20:00:00,Dinner,TP,"[('Pasta', 4), ('Shrimp', 3), ('Salmon', 7), ('Fish&Chips', 1)]",594.0,-37.8196878,144.9616544,0,7.928,12.7417347,Saturday,1,2
141,ORDY07712,2018-01-11,14:15:12,Lunch,TP,"[('Steak', 7), ('Fries', 1)]",327.0,-37.808785799999995,144.9678069,0,8.967,12.052029699999999,Thursday,0,1
142,ORDA06558,2018-01-09,08:10:08,Breakfast,BK,"[('Coffee', 5), ('Cereal', 6), ('Eggs', 2)]",207.5,-37.810646500000004,144.9680408,1,7.117000000000001,5.5494048,Tuesday,0,0
143,ORDB05435,2018-01-24,11:43:05,Breakfast,TP,"[('Coffee', 7), ('Eggs', 5)]",162.5,-37.8188617,144.9685261,0,7.676,10.758877499999999,Wednesday,0,0
144,ORDX05484,2018-01-20,14:35:29,Lunch,BK,"[('Salad', 10), ('Fries', 3), ('Burger', 3)]",301.0,-37.806304499999996,144.9496603,0,8.686,15.258999800000002,Saturday,1,1
145,ORDI07730,2018-01-01,10:52:23,Breakfast,NS,"[('Eggs', 3), ('Pancake', 7), ('Coffee', 5)]",273.25,-37.8160628,144.95295159999998,0,8.832,16.1916125,Monday,0,0
146,ORDZ07340,2018-01-20,10:32:06,Breakfast,NS,"[('Eggs', 7), ('Cereal', 8), ('Pancake', 3), ('Coffee', 8)]",454.75,-37.8099171,144.95821619999998,0,7.971,13.4405726,Saturday,1,0
147,ORDJ08065,2018-01-08,10:11:49,Breakfast,TP,"[('Pancake', 8), ('Eggs', 6), ('Coffee', 8)]",386.0,-37.81499779999999,144.9720111,0,8.327,11.4549866,Monday,0,0
148,ORDI07955,2018-01-20,13:34:38,Lunch,NS,"[('Fries', 4), ('Burger', 5), ('Chicken', 6)]",395.0,-37.8222521,144.9447881,0,10.179,15.6047522,Saturday,1,1
149,ORDI01221,2018-01-03,09:00:50,Breakfast,NS,"[('Cereal', 3), ('Eggs', 10), ('Coffee', 2)]",298.0,-37.809764799999996,144.97825769999997,0,7.686,14.8585203,Wednesday,0,0
150,ORDA01670,2018-01-30,16:57:27,Dinner,BK,"[('Shrimp', 9), ('Salmon', 1)]",527.0,-37.816222499999995,144.9383605,0,9.879,19.564940600000003,Tuesday,0,2
151,ORDK04566,2018-01-04,12:03:22,Lunch,BK,"[('Fries', 9), ('Steak', 6)]",378.0,-37.8136467,144.9480337,0,9.652999999999999,15.1460294,Thursday,0,1
152,ORDY09301,2018-01-29,13:54:55,Lunch,TP,"[('Chicken', 1), ('Salad', 2)]",66.4,-37.827413,144.9852205,0,9.552999999999999,12.695657800000001,Monday,0,1
153,ORDX02579,2018-01-01,09:00:50,Breakfast,BK,"[('Cereal', 3), ('Pancake', 5)]",184.25,-37.8205809,144.9791177,0,7.172999999999999,12.0379074,Monday,0,0
154,ORDK06913,2018-01-06,16:16:54,Dinner,BK,"[('Salmon', 10), ('Shrimp', 5)]",680.0,-37.8197781,144.9767491,0,7.244,13.449857399999999,Saturday,1,2
155,ORDX10574,2018-01-17,19:39:43,Dinner,BK,"[('Shrimp', 4), ('Salmon', 10)]",626.0,-37.807676,144.95527090000002,0,8.298,15.1667407,Wednesday,0,2
156,ORDZ02675,2018-01-07,16:16:54,Dinner,NS,"[('Shrimp', 2), ('Salmon', 6), ('Pasta', 3)]",436.5,-37.81989,144.97692780000003,0,8.581,15.064863199999998,Sunday,1,2
157,ORDA06845,2018-01-10,09:21:07,Breakfast,BK,"[('Eggs', 3), ('Cereal', 2), ('Coffee', 1), ('Pancake', 8)]",309.5,-37.8071015,144.9659105,0,7.175,14.976853400000001,Wednesday,0,0
158,ORDJ07627,2018-01-09,14:15:12,Lunch,TP,"[('Burger', 7), ('Fries', 1), ('Chicken', 10), ('Steak', 5), ('Salad', 6)]",877.2,-37.8245142,144.9827184,0,8.876,12.4163668,Tuesday,0,1
159,ORDI03223,2018-01-25,13:44:47,Lunch,NS,"[('Salad', 1), ('Chicken', 1), ('Burger', 2), ('Fries', 6), ('Steak', 10)]",633.2,-37.824320799999995,144.98308899999998,0,9.392999999999999,15.006680900000001,Thursday,0,1
160,ORDY08005,2018-01-23,14:45:38,Lunch,TP,"[('Fries', 9), ('Chicken', 2), ('Salad', 1), ('Steak', 9), ('Burger', 1)]",625.2,-37.8120034,144.9908827,0,10.081,13.4964522,Tuesday,0,1
161,ORDB10820,2018-01-11,15:16:03,Lunch,TP,"[('Fries', 7), ('Salad', 9)]",238.8,-37.805884000000006,144.9366626,0,10.626,16.0008281,Thursday,0,1
162,ORDY02503,2018-01-13,13:24:30,Lunch,TP,"[('Chicken', 3), ('Fries', 5), ('Steak', 2)]",246.0,-37.826178399999996,144.951993,0,8.459,11.809239,Saturday,1,1
163,ORDB04806,2018-01-05,12:03:22,Lunch,TP,"[('Burger', 1), ('Steak', 2), ('Salad', 1), ('Fries', 9)]",246.2,-37.816238899999995,144.9637619,0,7.808,12.7259048,Friday,0,1
164,ORDJ06168,2018-01-19,10:32:06,Breakfast,TP,"[('Pancake', 4), ('Eggs', 8), ('Coffee', 8), ('Cereal', 8)]",501.0,-37.814716,144.9521635,0,8.885,11.2713421,Friday,0,0
165,ORDZ02621,2018-01-20,13:34:38,Lunch,NS,"[('Chicken', 4), ('Burger', 8), ('Steak', 10), ('Salad', 3)]",877.6,-37.815107700000006,144.9404206,0,9.702,15.381619800000001,Saturday,1,1
166,ORDJ05975,2018-01-12,11:22:49,Breakfast,TP,"[('Cereal', 3), ('Eggs', 3), ('Coffee', 10)]",204.0,-37.8048086,144.92418590000003,0,11.677999999999999,13.8964595,Friday,0,0
167,ORDI02692,2018-01-16,14:25:21,Lunch,NS,"[('Salad', 1), ('Chicken', 6), ('Burger', 3)]",302.2,-37.814260499999996,144.9727854,0,7.84,13.5458685,Tuesday,0,1
168,ORDZ06873,2018-01-01,08:00:00,Breakfast,NS,"[('Coffee', 4), ('Cereal', 9), ('Eggs', 10)]",439.0,-37.8140839,144.9445116,1,9.292,7.1138943,Monday,0,0
169,ORDI09307,2018-01-13,15:26:11,Lunch,NS,"[('Burger', 7), ('Chicken', 6), ('Fries', 10), ('Steak', 3), ('Salad', 6)]",767.2,-37.8103133,144.9883833,0,8.56,13.7966199,Saturday,1,1
170,ORDB05613,2018-01-03,16:06:45,Dinner,TP,"[('Salmon', 10), ('Pasta', 6)]",575.0,-37.8149156,144.9354055,0,10.728,14.176492300000001,Wednesday,0,2
171,ORDC07458,2018-01-14,17:27:53,Dinner,NS,"[('Shrimp', 9), ('Salmon', 4)]",650.0,-37.8217058,144.9552104,0,9.499,17.4630356,Sunday,1,2
172,ORDY07848,2018-01-11,18:28:43,Dinner,TP,"[('Salmon', 9), ('Shrimp', 1), ('Pasta', 9), ('Fish&Chips', 1)]",705.5,-37.81440070000001,144.9392639,0,10.26,15.606415900000002,Thursday,0,2
173,ORDZ05412,2018-01-22,19:49:51,Dinner,NS,"[('Salmon', 5), ('Pasta', 3)]",287.5,-37.8119336,144.9672113,0,7.558,15.346737699999998,Monday,0,2
174,ORDC10828,2018-01-22,18:49:00,Dinner,NS,"[('Salmon', 10), ('Shrimp', 6)]",734.0,-37.81143970000001,144.9732334,0,7.457999999999999,13.7685637,Monday,0,2
175,ORDA00940,2018-01-17,15:36:20,Lunch,BK,"[('Salad', 1), ('Burger', 3), ('Fries', 6)]",182.2,-37.812709000000005,144.9568874,0,8.134,14.344560500000002,Wednesday,0,1
176,ORDX05760,2018-01-08,08:10:08,Breakfast,BK,"[('Eggs', 9), ('Cereal', 5)]",303.0,-37.8142644,144.93791140000002,1,10.162,7.8497109,Monday,0,0
177,ORDJ10363,2018-01-03,12:03:22,Lunch,TP,"[('Salad', 6), ('Steak', 3), ('Fries', 6), ('Burger', 2)]",372.2,-37.8039021,145.00396819999997,0,11.921,14.3483861,Wednesday,0,1
178,ORDK00794,2018-01-07,18:18:35,Dinner,BK,"[('Pasta', 8), ('Shrimp', 1), ('Fish&Chips', 2), ('Salmon', 5)]",549.0,-37.8102441,144.9614737,0,7.606,14.6215987,Sunday,1,2
179,ORDK03855,2018-01-26,13:44:47,Lunch,BK,"[('Steak', 4), ('Chicken', 6)]",372.0,-37.8194929,144.9631072,0,8.161,13.956567699999999,Friday,0,1
180,ORDB07305,2018-01-25,14:45:38,Lunch,TP,"[('Steak', 5), ('Chicken', 5), ('Salad', 2), ('Burger', 4), ('Fries', 5)]",603.4,-37.8116724,144.9564097,0,8.658,12.2948506,Thursday,0,1
181,ORDB04228,2018-01-23,09:41:24,Breakfast,TP,"[('Eggs', 7), ('Coffee', 9), ('Pancake', 10), ('Cereal', 6)]",590.0,-37.7990648,144.9454199,0,10.693,13.640182199999998,Tuesday,0,0
182,ORDB09656,2018-01-29,08:50:42,Breakfast,TP,"[('Cereal', 10), ('Eggs', 4), ('Coffee', 8)]",358.0,-37.800783100000004,144.9670003,0,9.788,12.1707725,Monday,0,0
183,ORDB02873,2018-01-30,10:52:23,Breakfast,TP,"[('Coffee', 10), ('Pancake', 7), ('Cereal', 4), ('Eggs', 5)]",438.75,-37.812325799999996,144.9622684,0,8.251,11.3854805,Tuesday,0,0
184,ORDZ01331,2018-01-04,11:02:32,Breakfast,NS,"[('Cereal', 10), ('Coffee', 3), ('Pancake', 10)]",475.0,-37.8142701,144.94938380000002,0,10.156,15.630684099999998,Thursday,0,0
185,ORDJ00801,2018-01-18,12:33:48,Lunch,TP,"[('Burger', 7), ('Salad', 7), ('Fries', 3), ('Steak', 6)]",643.4,-37.8012917,144.95667419999998,0,9.611,13.0304185,Thursday,0,1
186,ORDX04961,2018-01-25,15:46:28,Lunch,BK,"[('Chicken', 9), ('Steak', 8), ('Fries', 4), ('Salad', 8)]",833.6,-37.8204834,144.9811666,0,7.061,16.016776699999998,Thursday,0,1
187,ORDC01297,2018-01-18,10:32:06,Breakfast,NS,"[('Pancake', 6), ('Cereal', 1)]",166.5,-37.811741600000005,144.9636136,0,7.7139999999999995,14.6358845,Thursday,0,0
188,ORDI04773,2018-01-18,17:38:01,Dinner,NS,"[('Fish&Chips', 6), ('Pasta', 4)]",320.0,-37.801176500000004,144.9518883,0,7.861000000000001,13.7687601,Thursday,0,2
189,ORDC02119,2018-01-01,14:55:46,Lunch,NS,"[('Salad', 7), ('Fries', 6), ('Chicken', 3), ('Burger', 7), ('Steak', 1)]",550.4,-37.8076259,144.9479451,0,8.744,14.1559524,Monday,0,1
190,ORDK04273,2018-01-31,20:00:00,Dinner,BK,"[('Salmon', 6), ('Shrimp', 4), ('Pasta', 1), ('Fish&Chips', 5)]",664.5,-37.8079403,145.00879650000002,0,3.74,10.2681225,Wednesday,0,2
191,ORDI01914,2018-01-07,10:11:49,Breakfast,NS,"[('Cereal', 2), ('Coffee', 7)]",94.5,-37.8078997,144.97338169999998,0,7.093999999999999,12.3017394,Sunday,1,0
192,ORDY04408,2018-01-29,20:00:00,Dinner,TP,"[('Shrimp', 3), ('Fish&Chips', 5), ('Pasta', 6), ('Salmon', 7)]",789.0,-37.8159589,144.9380844,0,10.335,16.071889300000002,Monday,0,2
193,ORDY00864,2018-01-18,10:32:06,Breakfast,TP,"[('Cereal', 4), ('Eggs', 3)]",150.0,-37.8092351,144.9722247,0,9.122,13.4605327,Thursday,0,0
194,ORDX05503,2018-01-10,13:14:21,Lunch,BK,"[('Fries', 9), ('Chicken', 6)]",300.0,-37.8209705,144.98496609999998,0,6.416,14.7174006,Wednesday,0,1
195,ORDI09865,2018-01-27,12:43:56,Lunch,NS,"[('Steak', 8), ('Burger', 7), ('Fries', 8), ('Salad', 8)]",810.6,-37.80532279999999,144.9508074,0,8.359,15.9836253,Saturday,1,1
196,ORDI01160,2018-01-18,18:38:52,Dinner,NS,"[('Shrimp', 4), ('Salmon', 8), ('Fish&Chips', 5), ('Pasta', 1)]",746.5,-37.810717700000005,145.0023388,0,9.639,17.322642899999998,Thursday,0,2
197,ORDZ03484,2018-01-20,16:37:10,Dinner,NS,"[('Pasta', 6), ('Salmon', 4), ('Fish&Chips', 3)]",434.0,-37.8250592,144.92856880000002,0,9.613999999999999,15.7629489,Saturday,1,2
198,ORDI04873,2018-01-16,18:28:43,Dinner,NS,"[('Fish&Chips', 4), ('Salmon', 6), ('Pasta', 7)]",578.5,-37.814132799999996,145.00470990000002,0,10.204,16.266237,Tuesday,0,2
199,ORDI05631,2018-01-24,17:48:10,Dinner,NS,"[('Shrimp', 6), ('Pasta', 2)]",379.0,-37.8200177,144.9670299,0,8.737,14.7279313,Wednesday,0,2
200,ORDY05796,2018-01-14,16:27:02,Dinner,TP,"[('Shrimp', 5), ('Pasta', 3), ('Fish&Chips', 1)]",387.5,-37.8006201,144.95599209999997,0,9.698,14.3236016,Sunday,1,2
201,ORDZ01327,2018-01-24,16:47:19,Dinner,NS,"[('Shrimp', 4), ('Pasta', 9), ('Salmon', 8), ('Fish&Chips', 5)]",966.5,-37.8020696,144.9843449,0,7.412000000000001,13.018401800000001,Wednesday,0,2
202,ORDB02646,2018-01-10,16:16:54,Dinner,TP,"[('Pasta', 3), ('Salmon', 5), ('Shrimp', 4), ('Fish&Chips', 1)]",538.5,-37.816894,144.9491465,0,9.081,13.2900587,Wednesday,0,2
203,ORDZ01804,2018-01-28,16:57:27,Dinner,NS,"[('Fish&Chips', 1), ('Pasta', 5), ('Shrimp', 10), ('Salmon', 8)]",1040.5,-37.8084895,144.945285,0,9.017000000000001,14.856056400000002,Sunday,1,2
204,ORDJ01499,2018-01-12,14:25:21,Lunch,TP,"[('Steak', 10), ('Chicken', 1), ('Burger', 5), ('Salad', 5)]",723.0,-37.7998537,144.9762149,0,10.244000000000002,13.4018634,Friday,0,1
205,ORDC08584,2018-01-26,17:48:10,Dinner,NS,"[('Fish&Chips', 10), ('Pasta', 7)]",542.5,-37.8188135,144.96411650000002,0,8.69,14.8021122,Friday,0,2
206,ORDK02910,2018-01-18,09:31:16,Breakfast,BK,"[('Coffee', 7), ('Pancake', 7)]",222.25,-37.8076352,144.94438200000002,0,9.279,16.633757,Thursday,0,0
207,ORDZ10846,2018-01-23,14:45:38,Lunch,NS,"[('Burger', 1), ('Chicken', 4), ('Fries', 9), ('Steak', 6), ('Salad', 8)]",674.6,-37.824063200000005,145.0121007,0,11.655999999999999,16.956056399999998,Tuesday,0,1
208,ORDB02886,2018-01-28,17:58:18,Dinner,TP,"[('Salmon', 6), ('Fish&Chips', 3)]",351.0,-37.8076036,144.9888635,0,10.251,16.060543099999997,Sunday,1,2
209,ORDJ05350,2018-01-03,08:00:00,Breakfast,TP,"[('Coffee', 3), ('Eggs', 4), ('Cereal', 10), ('Pancake', 10)]",563.0,-37.8034603,145.0198773,1,14.095,8.1370193,Wednesday,0,0
210,ORDX03171,2018-01-16,18:28:43,Dinner,BK,"[('Fish&Chips', 1), ('Shrimp', 9), ('Pasta', 1)]",548.5,-37.8118875,144.97789699999998,0,6.398,13.7998587,Tuesday,0,2
211,ORDB09401,2018-01-03,19:09:17,Dinner,TP,"[('Salmon', 6), ('Pasta', 7), ('Fish&Chips', 7), ('Shrimp', 6)]",1007.5,-37.8004966,144.9998066,0,11.92,15.377475599999999,Wednesday,0,2
212,ORDI05967,2018-01-13,16:27:02,Dinner,NS,"[('Pasta', 9), ('Shrimp', 2), ('Fish&Chips', 2), ('Salmon', 4)]",589.5,-37.8151511,144.94485559999998,0,9.202,14.8493799,Saturday,1,2
213,ORDB05562,2018-01-01,18:08:27,Dinner,TP,"[('Salmon', 9), ('Fish&Chips', 8), ('Pasta', 10)]",924.0,-37.8045351,144.9633718,0,9.241,13.3013703,Monday,0,2
214,ORDZ05318,2018-01-29,11:53:14,Breakfast,NS,"[('Eggs', 3), ('Cereal', 7), ('Pancake', 10)]",455.5,-37.8030196,144.9771519,0,6.895,13.5374082,Monday,0,0
215,ORDB03064,2018-01-12,13:14:21,Lunch,TP,"[('Chicken', 10), ('Fries', 3), ('Steak', 9), ('Burger', 1)]",792.0,-37.8152963,144.9412116,0,10.059,12.6238251,Friday,0,1
216,ORDA08985,2018-01-17,13:24:30,Lunch,BK,"[('Salad', 4), ('Fries', 9), ('Steak', 4), ('Chicken', 1), ('Burger', 5)]",543.8,-37.813679799999996,144.94475559999998,0,9.21,17.83243,Wednesday,0,1
217,ORDZ01362,2018-01-13,18:28:43,Dinner,NS,"[('Pasta', 7), ('Fish&Chips', 5), ('Salmon', 10), ('Shrimp', 3)]",939.5,-37.80526210000001,144.97877130000003,0,7.3660000000000005,13.5788277,Saturday,1,2
218,ORDK10288,2018-01-25,08:40:33,Breakfast,BK,"[('Coffee', 10), ('Cereal', 10)]",285.0,-37.8122458,144.9621679,0,7.662999999999999,12.462105900000001,Thursday,0,0
219,ORDX10576,2018-01-13,11:22:49,Breakfast,BK,"[('Cereal', 1), ('Eggs', 1), ('Coffee', 1), ('Pancake', 5)]",171.75,-37.8021485,144.9442805,0,9.277000000000001,14.3701709,Saturday,1,0
220,ORDY09762,2018-01-09,17:17:44,Dinner,TP,"[('Salmon', 6), ('Fish&Chips', 3), ('Shrimp', 2), ('Pasta', 3)]",541.5,-37.8118785,144.9522368,0,9.082,13.8197297,Tuesday,0,2
221,ORDI08048,2018-01-29,08:50:42,Breakfast,NS,"[('Pancake', 10), ('Coffee', 1), ('Cereal', 2), ('Eggs', 3)]",358.0,-37.8147394,144.9688945,0,7.8660000000000005,12.6609681,Monday,0,0
222,ORDY07317,2018-01-07,11:02:32,Breakfast,TP,"[('Eggs', 8), ('Coffee', 5), ('Pancake', 7)]",383.25,-37.8143283,144.9742895,0,8.509,12.8454429,Sunday,1,0
223,ORDA06439,2018-01-23,09:41:24,Breakfast,BK,"[('Coffee', 2), ('Cereal', 10), ('Eggs', 7)]",379.0,-37.8227277,144.9675125,0,8.061,12.9674207,Tuesday,0,0
224,ORDJ00716,2018-01-26,08:50:42,Breakfast,TP,"[('Eggs', 9), ('Cereal', 8)]",366.0,-37.8168934,144.95947780000003,0,8.057,10.9502321,Friday,0,0
225,ORDJ06743,2018-01-28,14:55:46,Lunch,TP,"[('Steak', 3), ('Fries', 4)]",183.0,-37.8076691,144.9481743,0,9.716000000000001,14.5278244,Sunday,1,1
226,ORDY01097,2018-01-15,11:22:49,Breakfast,TP,"[('Eggs', 1), ('Pancake', 5)]",143.25,-37.811349799999995,144.97602519999998,0,8.978,13.0717532,Monday,0,0
227,ORDI05717,2018-01-29,17:58:18,Dinner,NS,"[('Salmon', 4), ('Pasta', 5), ('Shrimp', 3), ('Fish&Chips', 2)]",533.5,-37.8209454,144.99190430000002,0,9.63,15.631836999999999,Monday,0,2
228,ORDK09538,2018-01-23,15:46:28,Lunch,BK,"[('Burger', 3), ('Salad', 9), ('Steak', 6)]",517.8,-37.823147,144.98825449999998,0,6.3260000000000005,12.6814076,Tuesday,0,1
229,ORDZ03313,2018-01-16,18:28:43,Dinner,NS,"[('Pasta', 7), ('Fish&Chips', 2), ('Shrimp', 3)]",424.5,-37.833683,144.9929974,0,10.845,16.929313,Tuesday,0,2
230,ORDJ07842,2018-01-31,17:58:18,Dinner,TP,"[('Pasta', 7), ('Salmon', 1), ('Shrimp', 8), ('Fish&Chips', 8)]",945.5,-37.813424100000006,144.9444378,0,9.672,13.9938948,Wednesday,0,2
231,ORDI09353,2018-01-25,09:41:24,Breakfast,NS,"[('Pancake', 2), ('Eggs', 1), ('Cereal', 6)]",196.5,-37.815895399999995,144.9571814,0,8.607999999999999,15.4564021,Thursday,0,0
232,ORDB03507,2018-01-08,14:15:12,Lunch,TP,"[('Chicken', 1), ('Steak', 6), ('Fries', 5)]",362.0,-37.825342799999994,144.9570314,0,8.088,12.4975906,Monday,0,1
233,ORDK01464,2018-01-31,09:00:50,Breakfast,BK,"[('Coffee', 10), ('Pancake', 10)]",317.5,-37.8235454,144.9561646,0,8.758,13.3797427,Wednesday,0,0
234,ORDB03610,2018-01-30,11:53:14,Breakfast,TP,"[('Eggs', 4), ('Coffee', 5)]",125.5,-37.8149016,144.9448282,0,9.589,11.826300699999999,Tuesday,0,0
235,ORDA03377,2018-01-06,11:02:32,Breakfast,BK,"[('Eggs', 3), ('Cereal', 10)]",276.0,-37.8184408,144.9641801,0,7.725,12.5265059,Saturday,1,0
236,ORDC01963,2018-01-14,13:24:30,Lunch,NS,"[('Steak', 6), ('Burger', 8), ('Salad', 10)]",690.0,-37.8132681,144.96546999999998,0,7.82,13.643201500000002,Sunday,1,1
237,ORDZ01131,2018-01-03,16:06:45,Dinner,NS,"[('Salmon', 5), ('Pasta', 4), ('Shrimp', 9)]",801.0,-37.8099614,144.9360533,0,10.005,15.8205985,Wednesday,0,2
238,ORDI06562,2018-01-27,13:44:47,Lunch,NS,"[('Fries', 10), ('Steak', 8), ('Chicken', 4), ('Burger', 7)]",825.0,-37.804485,145.0039791,0,9.755,14.9538334,Saturday,1,1
239,ORDA10010,2018-01-14,18:28:43,Dinner,BK,"[('Shrimp', 6), ('Salmon', 4), ('Pasta', 7), ('Fish&Chips', 9)]",995.5,-37.814100200000006,144.9443534,0,9.288,16.144160999999997,Sunday,1,2
240,ORDZ01274,2018-01-01,16:06:45,Dinner,NS,"[('Salmon', 6), ('Shrimp', 8)]",678.0,-37.8155614,144.95816340000002,0,8.511000000000001,16.3488249,Monday,0,2
241,ORDY01898,2018-01-23,13:44:47,Lunch,TP,"[('Fries', 3), ('Chicken', 6)]",228.0,-37.803639200000006,144.9922661,0,10.949000000000002,15.539300699999998,Tuesday,0,1
242,ORDI07315,2018-01-04,14:05:04,Lunch,NS,"[('Burger', 7), ('Salad', 6), ('Fries', 1)]",332.2,-37.8034919,144.9665299,0,6.72,12.0361145,Thursday,0,1
243,ORDK00236,2018-01-29,13:54:55,Lunch,BK,"[('Burger', 4), ('Fries', 10), ('Steak', 9), ('Chicken', 1)]",681.0,-37.8200766,145.002121,0,4.798,10.602312,Monday,0,1
244,ORDJ05807,2018-01-24,14:45:38,Lunch,TP,"[('Steak', 4), ('Chicken', 10), ('Fries', 6)]",572.0,-37.799876,144.984555,0,10.73,14.1260863,Wednesday,0,1
245,ORDC04635,2018-01-21,08:40:33,Breakfast,NS,"[('Eggs', 9), ('Pancake', 10)]",440.5,-37.80389829999999,144.96749780000002,0,6.6610000000000005,13.32175,Sunday,1,0
246,ORDI09033,2018-01-13,12:23:39,Lunch,NS,"[('Steak', 2), ('Salad', 5), ('Chicken', 9), ('Burger', 3)]",557.0,-37.809920899999995,144.93583999999998,0,10.032,18.0927587,Saturday,1,1
247,ORDA05060,2018-01-01,09:00:50,Breakfast,BK,"[('Eggs', 10), ('Coffee', 3), ('Cereal', 7), ('Pancake', 5)]",510.75,-37.805876700000006,144.92955780000003,0,11.07,16.3602263,Monday,0,0
248,ORDC02244,2018-01-13,13:24:30,Lunch,NS,"[('Burger', 7), ('Chicken', 1), ('Fries', 9), ('Steak', 5)]",582.0,-37.8271233,144.98511609999997,0,9.641,14.731600899999998,Saturday,1,1
249,ORDZ06013,2018-01-03,17:07:36,Dinner,NS,"[('Shrimp', 5), ('Fish&Chips', 6), ('Pasta', 6), ('Salmon', 10)]",1055.0,-37.802256400000005,144.96332560000002,0,6.942,12.804450300000001,Wednesday,0,2
250,ORDC06031,2018-01-14,08:20:16,Breakfast,NS,"[('Coffee', 3), ('Cereal', 8)]",190.5,-37.823459299999996,144.959651,1,9.402000000000001,8.486904199999998,Sunday,1,0
251,ORDA05367,2018-01-10,17:17:44,Dinner,BK,"[('Fish&Chips', 4), ('Shrimp', 4), ('Pasta', 8)]",576.0,-37.8128436,144.9520799,0,8.6,15.5155902,Wednesday,0,2
252,ORDK09568,2018-01-27,18:59:09,Dinner,BK,"[('Pasta', 10), ('Salmon', 6), ('Shrimp', 6)]",845.0,-37.8186997,145.0052457,0,4.386,10.331808,Saturday,1,2
253,ORDY03577,2018-01-28,16:57:27,Dinner,TP,"[('Salmon', 3), ('Pasta', 9), ('Shrimp', 5)]",640.5,-37.8084895,144.945285,0,9.868,13.6911421,Sunday,1,2
254,ORDZ06672,2018-01-06,15:05:54,Lunch,NS,"[('Chicken', 3), ('Salad', 8), ('Burger', 6), ('Steak', 3)]",554.6,-37.8028334,144.9479479,0,8.398,13.852619199999998,Saturday,1,1
255,ORDK06578,2018-01-01,11:53:14,Breakfast,BK,"[('Pancake', 2), ('Eggs', 1), ('Coffee', 7), ('Cereal', 10)]",333.0,-37.8044437,144.97063459999998,0,7.16,11.774787400000001,Monday,0,0
256,ORDB03386,2018-01-11,12:13:31,Lunch,TP,"[('Salad', 8), ('Chicken', 5)]",297.6,-37.818875,144.9567832,0,8.127,11.874457699999999,Thursday,0,1
257,ORDC02104,2018-01-17,09:31:16,Breakfast,NS,"[('Cereal', 7), ('Eggs', 1), ('Coffee', 3)]",191.5,-37.809319099999996,144.96258980000002,0,7.547999999999999,14.6642975,Wednesday,0,0
258,ORDK00524,2018-01-08,14:15:12,Lunch,BK,"[('Fries', 6), ('Salad', 1)]",89.2,-37.80844570000001,144.9767849,0,6.212999999999999,14.457831299999999,Monday,0,1
259,ORDY01607,2018-01-15,17:27:53,Dinner,TP,"[('Fish&Chips', 5), ('Salmon', 5)]",380.0,-37.8117158,144.99209419999997,0,10.306,14.32959,Monday,0,2
260,ORDZ03047,2018-01-17,10:21:58,Breakfast,NS,"[('Coffee', 4), ('Cereal', 9)]",219.0,-37.8075276,144.97136,0,6.959,14.182211800000001,Wednesday,0,0
261,ORDC05342,2018-01-10,14:15:12,Lunch,NS,"[('Burger', 7), ('Salad', 2), ('Chicken', 5), ('Steak', 6), ('Fries', 9)]",789.4,-37.8246994,144.9848133,0,9.479,15.2243701,Wednesday,0,1
262,ORDC03589,2018-01-19,08:30:25,Breakfast,NS,"[('Coffee', 7), ('Eggs', 2), ('Pancake', 5)]",217.75,-37.7996973,144.97378799999998,0,6.517,11.4860735,Friday,0,0
263,ORDK08940,2018-01-02,19:09:17,Dinner,BK,"[('Fish&Chips', 9), ('Salmon', 10)]",725.0,-37.813733500000005,144.9721162,0,7.007999999999999,16.1134174,Tuesday,0,2
264,ORDX09232,2018-01-04,13:04:13,Lunch,BK,"[('Burger', 6), ('Steak', 9), ('Fries', 3)]",627.0,-37.8211678,144.972609,0,7.736000000000001,13.5824171,Thursday,0,1
265,ORDX04018,2018-01-28,09:51:32,Breakfast,BK,"[('Cereal', 3), ('Coffee', 9)]",130.5,-37.8250001,144.99805969999997,0,5.6160000000000005,10.3577507,Sunday,1,0
266,ORDY09380,2018-01-29,20:00:00,Dinner,TP,"[('Fish&Chips', 4), ('Pasta', 10), ('Shrimp', 1), ('Salmon', 9)]",838.0,-37.7965549,145.00944209999997,0,13.044,18.293276300000002,Monday,0,2
267,ORDA02135,2018-01-20,16:37:10,Dinner,BK,"[('Pasta', 10), ('Fish&Chips', 5), ('Salmon', 5), ('Shrimp', 1)]",709.0,-37.813418299999995,144.9544415,0,8.368,15.428235500000001,Saturday,1,2
268,ORDB07048,2018-01-11,14:15:12,Lunch,TP,"[('Salad', 5), ('Burger', 6), ('Fries', 10)]",392.0,-37.8094889,144.9679925,0,8.887,12.442981399999999,Thursday,0,1
269,ORDC09889,2018-01-06,16:16:54,Dinner,NS,"[('Pasta', 2), ('Shrimp', 9), ('Fish&Chips', 2)]",611.0,-37.8246141,144.9627154,0,9.423,15.3730665,Saturday,1,2
270,ORDA01997,2018-01-06,13:04:13,Lunch,BK,"[('Burger', 7), ('Chicken', 1)]",249.0,-37.799646200000005,144.9872757,0,6.285,11.763273199999999,Saturday,1,1
271,ORDY03104,2018-01-30,14:55:46,Lunch,TP,"[('Salad', 5), ('Steak', 3), ('Burger', 8), ('Chicken', 4)]",597.0,-37.817286700000004,144.9459811,0,9.366,12.4757052,Tuesday,0,1
272,ORDJ02763,2018-01-28,12:54:05,Lunch,TP,"[('Fries', 8), ('Salad', 7), ('Burger', 2), ('Steak', 10)]",728.4,-37.8020328,144.94463249999998,0,10.379000000000001,13.4470741,Sunday,1,1
273,ORDJ05115,2018-01-30,11:53:14,Breakfast,TP,"[('Coffee', 4), ('Eggs', 10), ('Pancake', 5)]",371.25,-37.806604,144.95187009999998,0,9.491,11.673425300000002,Tuesday,0,0
274,ORDC10780,2018-01-21,14:35:29,Lunch,NS,"[('Steak', 7), ('Salad', 2), ('Chicken', 6), ('Burger', 3)]",634.4,-37.808456400000004,144.93822169999999,0,10.169,17.800191,Sunday,1,1
275,ORDB07765,2018-01-30,11:53:14,Breakfast,TP,"[('Coffee', 5), ('Eggs', 2), ('Pancake', 2), ('Cereal', 5)]",235.0,-37.8207765,144.9206276,0,11.290999999999999,14.2857805,Tuesday,0,0
276,ORDJ03863,2018-01-26,10:42:15,Breakfast,TP,"[('Coffee', 2), ('Pancake', 3)]",87.75,-37.8040885,144.97373190000002,0,9.68,12.287353699999999,Friday,0,0
277,ORDY05785,2018-01-23,11:43:05,Breakfast,TP,"[('Coffee', 1), ('Pancake', 5), ('Cereal', 6), ('Eggs', 5)]",364.75,-37.8189659,144.9532,0,8.527999999999999,11.8720698,Tuesday,0,0
278,ORDB02918,2018-01-12,12:23:39,Lunch,TP,"[('Chicken', 1), ('Fries', 3), ('Steak', 8), ('Salad', 3)]",479.6,-37.8009434,144.93465619999998,0,13.777000000000001,17.9548017,Friday,0,1
279,ORDC02055,2018-01-02,17:07:36,Dinner,NS,"[('Salmon', 6), ('Fish&Chips', 2), ('Pasta', 4), ('Shrimp', 8)]",858.0,-37.8139718,144.9847561,0,8.567,14.957235999999998,Tuesday,0,2
280,ORDA07730,2018-01-08,12:13:31,Lunch,BK,"[('Chicken', 2), ('Steak', 7), ('Burger', 8), ('Fries', 7)]",711.0,-37.8042104,144.9717005,0,7.066,13.1320785,Monday,0,1
281,ORDX02843,2018-01-04,12:03:22,Lunch,BK,"[('Chicken', 3), ('Burger', 3), ('Salad', 8), ('Fries', 9)]",434.6,-37.7999204,144.934833,0,12.252,18.4159359,Thursday,0,1
282,ORDJ09896,2018-01-21,12:33:48,Lunch,TP,"[('Salad', 4), ('Fries', 7)]",152.8,-37.798968,144.96295969999997,0,9.897,13.2301103,Sunday,1,1
283,ORDI07090,2018-01-09,09:10:59,Breakfast,NS,"[('Pancake', 7), ('Eggs', 2)]",213.75,-37.81481289999999,144.9688716,0,7.879,12.6344218,Tuesday,0,0
284,ORDK06860,2018-01-12,19:29:34,Dinner,BK,"[('Salmon', 1), ('Shrimp', 10), ('Fish&Chips', 8), ('Pasta', 2)]",916.0,-37.8211811,144.955306,0,8.578,15.6622101,Friday,0,2
285,ORDJ05448,2018-01-30,15:56:37,Lunch,TP,"[('Fries', 7), ('Chicken', 8), ('Salad', 3), ('Steak', 9)]",796.6,-37.8095619,144.9391788,0,10.71,13.5942295,Tuesday,0,1
286,ORDZ04961,2018-01-02,11:53:14,Breakfast,NS,"[('Coffee', 5), ('Eggs', 4)]",125.5,-37.8080208,144.9530574,0,8.402000000000001,13.140924900000002,Tuesday,0,0
287,ORDZ07370,2018-01-18,17:38:01,Dinner,NS,"[('Fish&Chips', 7), ('Salmon', 1), ('Pasta', 2)]",341.0,-37.8026088,144.95129440000002,0,8.057,14.0429666,Thursday,0,2
288,ORDI02660,2018-01-01,12:54:05,Lunch,NS,"[('Fries', 9), ('Burger', 1), ('Steak', 1), ('Salad', 5)]",270.0,-37.795421399999995,144.9311334,0,11.202,16.5847112,Monday,0,1
289,ORDB04202,2018-01-24,19:49:51,Dinner,TP,"[('Salmon', 8), ('Fish&Chips', 1), ('Shrimp', 5)]",633.0,-37.818853000000004,145.00260319999998,0,10.821,15.425168,Wednesday,0,2
290,ORDJ03907,2018-01-12,15:26:11,Lunch,TP,"[('Fries', 5), ('Chicken', 3), ('Burger', 1), ('Steak', 3), ('Salad', 7)]",442.4,-37.7997629,144.96351830000003,0,9.832,14.2256154,Friday,0,1
291,ORDZ09975,2018-01-12,09:21:07,Breakfast,NS,"[('Pancake', 2), ('Coffee', 1), ('Cereal', 10), ('Eggs', 6)]",398.0,-37.827090999999996,144.9749192,0,9.597000000000001,14.8036815,Friday,0,0
292,ORDY03232,2018-01-08,08:10:08,Breakfast,TP,"[('Coffee', 5), ('Eggs', 5), ('Cereal', 6), ('Pancake', 10)]",516.0,-37.8142644,144.93791140000002,1,10.595999999999998,6.5026796,Monday,0,0
293,ORDJ10168,2018-01-06,16:16:54,Dinner,TP,"[('Fish&Chips', 2), ('Pasta', 8), ('Shrimp', 5)]",560.0,-37.815968700000006,144.9339652,0,10.735,14.9819632,Saturday,1,2
294,ORDB08405,2018-01-04,19:09:17,Dinner,TP,"[('Fish&Chips', 10), ('Pasta', 1), ('Salmon', 10)]",787.5,-37.8106776,145.00064740000002,0,11.089,14.9138179,Thursday,0,2
295,ORDC07413,2018-01-23,18:49:00,Dinner,NS,"[('Pasta', 10), ('Shrimp', 7), ('Salmon', 7)]",940.0,-37.8039689,144.9582379,0,7.542999999999999,13.5874101,Tuesday,0,2
296,ORDB07562,2018-01-04,12:03:22,Lunch,TP,"[('Steak', 9), ('Fries', 6), ('Salad', 6), ('Burger', 9)]",859.2,-37.8001569,144.93536630000003,0,13.661,16.5856758,Thursday,0,1
297,ORDJ02873,2018-01-24,12:43:56,Lunch,TP,"[('Salad', 8), ('Chicken', 10), ('Steak', 3), ('Fries', 9)]",700.6,-37.8221479,144.97905500000002,0,8.504,11.6421122,Wednesday,0,1
298,ORDK06545,2018-01-26,19:49:51,Dinner,BK,"[('Salmon', 3), ('Shrimp', 2), ('Fish&Chips', 6), ('Pasta', 2)]",496.0,-37.804249299999995,145.01088869999998,0,4.107,10.8366211,Friday,0,2
299,ORDB09593,2018-01-30,18:59:09,Dinner,TP,"[('Salmon', 9), ('Pasta', 8)]",589.0,-37.8096433,144.9725187,0,9.134,13.230914499999999,Tuesday,0,2
300,ORDB01978,2018-01-27,14:45:38,Lunch,TP,"[('Steak', 4), ('Fries', 9), ('Chicken', 10), ('Salad', 7)]",728.4,-37.8217484,144.979191,0,8.601,11.9235699,Saturday,1,1
301,ORDX05761,2018-01-06,15:05:54,Lunch,BK,"[('Steak', 8), ('Burger', 10), ('Salad', 5), ('Chicken', 10)]",1076.0,-37.802938399999995,144.9483515,0,8.855,15.1651244,Saturday,1,1
302,ORDB09978,2018-01-29,20:00:00,Dinner,TP,"[('Shrimp', 8), ('Salmon', 3)]",555.0,-37.824212599999996,144.9733404,0,8.367,13.799188099999999,Monday,0,2
303,ORDI07605,2018-01-14,09:21:07,Breakfast,NS,"[('Cereal', 7), ('Pancake', 6), ('Eggs', 3)]",358.5,-37.8086821,144.9548234,0,8.183,12.902119699999998,Sunday,1,0
304,ORDB04170,2018-01-10,16:16:54,Dinner,TP,"[('Pasta', 6), ('Salmon', 9)]",534.0,-37.8108595,145.0073706,0,12.481,15.767145600000001,Wednesday,0,2
305,ORDJ00754,2018-01-30,11:53:14,Breakfast,TP,"[('Eggs', 4), ('Cereal', 9), ('Pancake', 3), ('Coffee', 3)]",372.25,-37.8046905,144.9731711,0,9.633,12.220260000000001,Tuesday,0,0
306,ORDX06857,2018-01-24,08:40:33,Breakfast,BK,"[('Cereal', 4), ('Coffee', 1)]",91.5,-37.817073,144.9595551,0,8.214,13.021398300000001,Wednesday,0,0
307,ORDK09575,2018-01-19,16:37:10,Dinner,BK,"[('Salmon', 1), ('Shrimp', 10), ('Fish&Chips', 2), ('Pasta', 2)]",706.0,-37.8256534,144.9298935,0,15.186,22.5959311,Friday,0,2
308,ORDX04587,2018-01-28,13:54:55,Lunch,BK,"[('Chicken', 1), ('Burger', 7), ('Steak', 10), ('Fries', 8)]",795.0,-37.822216100000006,144.93129309999998,0,11.68,17.563760100000003,Sunday,1,1
309,ORDI08003,2018-01-02,09:51:32,Breakfast,NS,"[('Pancake', 1), ('Eggs', 10)]",244.25,-37.817927000000005,144.96786740000002,0,8.52,12.9773034,Tuesday,0,0
310,ORDA06564,2018-01-28,16:57:27,Dinner,BK,"[('Salmon', 5), ('Pasta', 7)]",397.5,-37.800350099999996,144.9501888,0,8.882,15.359924,Sunday,1,2
311,ORDA04622,2018-01-11,15:16:03,Lunch,BK,"[('Fries', 7), ('Burger', 2)]",146.0,-37.8186933,144.953033,0,10.081,18.689869199999997,Thursday,0,1
312,ORDB10602,2018-01-12,16:27:02,Dinner,TP,"[('Pasta', 9), ('Fish&Chips', 10)]",597.5,-37.807049799999994,144.96530149999998,0,9.065,13.3465031,Friday,0,2
313,ORDB02598,2018-01-20,09:41:24,Breakfast,TP,"[('Cereal', 3), ('Eggs', 5), ('Coffee', 8)]",233.0,-37.802556200000005,144.9543122,0,9.693,11.903936999999999,Saturday,1,0
314,ORDI09217,2018-01-05,14:05:04,Lunch,NS,"[('Burger', 8), ('Salad', 6), ('Chicken', 2), ('Fries', 10)]",535.2,-37.8227442,144.9357663,0,10.735,15.9924587,Friday,0,1
315,ORDX05369,2018-01-23,18:49:00,Dinner,BK,"[('Shrimp', 3), ('Fish&Chips', 2), ('Salmon', 8), ('Pasta', 1)]",587.5,-37.819767799999994,144.9426642,0,9.78,16.5128476,Tuesday,0,2
316,ORDC04161,2018-01-27,15:56:37,Lunch,NS,"[('Steak', 9), ('Chicken', 5), ('Fries', 6), ('Salad', 8)]",774.6,-37.820842299999995,144.9549685,0,9.389,14.982979,Saturday,1,1
317,ORDI01926,2018-01-25,14:45:38,Lunch,NS,"[('Chicken', 1), ('Salad', 2), ('Burger', 3)]",159.4,-37.8222038,144.975708,0,9.146,14.308929699999998,Thursday,0,1
318,ORDI10232,2018-01-14,08:20:16,Breakfast,NS,"[('Eggs', 1), ('Cereal', 4), ('Pancake', 6)]",251.5,-37.8045539,144.9736861,1,6.702000000000001,6.878040299999999,Sunday,1,0
319,ORDX10905,2018-01-26,17:48:10,Dinner,BK,"[('Pasta', 4), ('Shrimp', 7)]",488.0,-37.8067849,144.9982453,0,4.625,10.7683407,Friday,0,2
320,ORDZ04634,2018-01-24,13:44:47,Lunch,NS,"[('Fries', 10), ('Burger', 6), ('Steak', 9), ('Chicken', 5), ('Salad', 4)]",939.8,-37.8250019,144.9827671,0,9.474,17.430766100000003,Wednesday,0,1
321,ORDZ06060,2018-01-08,12:13:31,Lunch,NS,"[('Steak', 5), ('Fries', 6), ('Salad', 3), ('Chicken', 5), ('Burger', 7)]",725.6,-37.8012086,144.97001699999998,0,6.155,11.8818706,Monday,0,1
322,ORDX03252,2018-01-15,16:27:02,Dinner,BK,"[('Salmon', 9), ('Shrimp', 2)]",477.0,-37.8149995,144.93609030000002,0,10.14,19.9481031,Monday,0,2
323,ORDI04537,2018-01-24,12:43:56,Lunch,NS,"[('Salad', 8), ('Fries', 7), ('Steak', 7), ('Burger', 8)]",784.6,-37.812884499999996,144.98480080000002,0,8.48,13.577205300000001,Wednesday,0,1
324,ORDI00667,2018-01-25,16:47:19,Dinner,NS,"[('Salmon', 7), ('Shrimp', 1), ('Pasta', 9), ('Fish&Chips', 6)]",798.5,-37.8016961,144.9436348,0,8.74,14.687962699999998,Thursday,0,2
325,ORDX06076,2018-01-30,08:50:42,Breakfast,BK,"[('Eggs', 10), ('Pancake', 7), ('Cereal', 8)]",557.75,-37.823161,144.9779073,0,7.186,12.2950942,Tuesday,0,0
326,ORDX09421,2018-01-06,10:01:41,Breakfast,BK,"[('Coffee', 3), ('Eggs', 1), ('Pancake', 9), ('Cereal', 5)]",367.75,-37.815987799999995,144.98306430000002,0,6.221,11.3027653,Saturday,1,0
327,ORDK00353,2018-01-07,18:18:35,Dinner,BK,"[('Salmon', 6), ('Pasta', 10), ('Shrimp', 2)]",629.0,-37.8112471,144.9619299,0,7.653,14.9642785,Sunday,1,2
328,ORDX00215,2018-01-03,16:06:45,Dinner,BK,"[('Pasta', 9), ('Fish&Chips', 3), ('Shrimp', 7), ('Salmon', 10)]",1140.5,-37.8071992,144.97751169999998,0,6.263,13.306376,Wednesday,0,2
329,ORDA03024,2018-01-26,17:48:10,Dinner,BK,"[('Fish&Chips', 6), ('Shrimp', 8)]",642.0,-37.8068488,144.9979094,0,4.656000000000001,11.783273800000002,Friday,0,2
330,ORDX10421,2018-01-10,12:13:31,Lunch,BK,"[('Salad', 2), ('Steak', 9), ('Fries', 8), ('Chicken', 1), ('Burger', 4)]",691.4,-37.800442600000004,144.96386850000002,0,7.996,13.731523699999999,Wednesday,0,1
331,ORDX01725,2018-01-02,19:09:17,Dinner,BK,"[('Shrimp', 8), ('Fish&Chips', 4)]",572.0,-37.8154081,144.966467,0,7.5360000000000005,16.6116171,Tuesday,0,2
332,ORDY03136,2018-01-28,14:55:46,Lunch,TP,"[('Burger', 6), ('Salad', 5), ('Fries', 3)]",308.0,-37.815901399999994,144.9612113,0,8.107999999999999,12.677358,Sunday,1,1
333,ORDK01254,2018-01-26,19:49:51,Dinner,BK,"[('Salmon', 5), ('Pasta', 8)]",425.0,-37.8049802,144.9482313,0,8.761000000000001,15.8243383,Friday,0,2
334,ORDB01742,2018-01-27,17:58:18,Dinner,TP,"[('Shrimp', 4), ('Salmon', 4), ('Pasta', 5)]",517.5,-37.8207291,144.9909791,0,9.72,15.0992766,Saturday,1,2
335,ORDZ05793,2018-01-22,17:48:10,Dinner,NS,"[('Shrimp', 4), ('Fish&Chips', 1), ('Pasta', 2), ('Salmon', 3)]",429.0,-37.8200096,144.9614025,0,8.92,15.345714300000001,Monday,0,2
336,ORDB07834,2018-01-13,14:25:21,Lunch,TP,"[('Chicken', 1), ('Burger', 10)]",342.0,-37.816458600000004,145.0041641,0,11.152999999999999,13.724004500000001,Saturday,1,1
337,ORDK05900,2018-01-03,15:05:54,Lunch,BK,"[('Fries', 3), ('Chicken', 2), ('Salad', 3), ('Steak', 1)]",196.6,-37.8121744,144.9739415,0,6.773,12.401062,Wednesday,0,1
338,ORDC08966,2018-01-08,11:12:40,Breakfast,NS,"[('Eggs', 9), ('Cereal', 2)]",240.0,-37.8242717,144.9886927,0,9.599,16.849338600000003,Monday,0,0
339,ORDK00771,2018-01-29,14:55:46,Lunch,BK,"[('Steak', 1), ('Fries', 4), ('Burger', 1)]",124.0,-37.812145799999996,144.9739079,0,6.771,15.3579766,Monday,0,1
340,ORDI03076,2018-01-06,10:01:41,Breakfast,NS,"[('Pancake', 2), ('Coffee', 1), ('Cereal', 2), ('Eggs', 7)]",252.0,-37.8098238,144.976572,0,7.805,12.669917,Saturday,1,0
341,ORDK02599,2018-01-18,19:39:43,Dinner,BK,"[('Pasta', 7), ('Shrimp', 4), ('Salmon', 3), ('Fish&Chips', 8)]",811.5,-37.810089500000004,144.9478642,0,8.978,15.560940099999998,Thursday,0,2
342,ORDX06569,2018-01-13,15:26:11,Lunch,BK,"[('Salad', 6), ('Chicken', 6), ('Burger', 7)]",512.2,-37.7997729,144.96362340000002,0,8.111,13.720990599999999,Saturday,1,1
343,ORDK10010,2018-01-08,19:19:26,Dinner,BK,"[('Fish&Chips', 6), ('Salmon', 2), ('Pasta', 5)]",429.5,-37.8092777,144.9291463,0,10.719000000000001,20.3046647,Monday,0,2
344,ORDZ01422,2018-01-21,17:38:01,Dinner,NS,"[('Salmon', 8), ('Pasta', 1), ('Fish&Chips', 7)]",600.5,-37.8077721,144.9941233,0,8.681000000000001,16.214080900000003,Sunday,1,2
345,ORDB10606,2018-01-03,17:07:36,Dinner,TP,"[('Shrimp', 9), ('Salmon', 6), ('Fish&Chips', 6), ('Pasta', 8)]",1162.0,-37.8024773,144.963315,0,9.496,13.682386800000002,Wednesday,0,2
346,ORDJ00560,2018-01-01,09:00:50,Breakfast,TP,"[('Eggs', 4), ('Coffee', 5), ('Pancake', 7)]",295.25,-37.8204739,144.97911630000002,0,8.821,11.0032746,Monday,0,0
347,ORDA05987,2018-01-03,09:00:50,Breakfast,BK,"[('Pancake', 9), ('Eggs', 7), ('Cereal', 6), ('Coffee', 2)]",513.25,-37.8239721,144.99108959999998,0,6.135,13.797263500000001,Wednesday,0,0
348,ORDY08857,2018-01-05,10:01:41,Breakfast,TP,"[('Coffee', 8), ('Pancake', 3), ('Eggs', 9), ('Cereal', 10)]",540.75,-37.796003799999994,144.93607649999998,0,11.548,14.164447299999999,Friday,0,0
349,ORDK08722,2018-01-09,18:18:35,Dinner,BK,"[('Fish&Chips', 2), ('Pasta', 3)]",152.5,-37.815276000000004,144.96175390000002,0,7.9510000000000005,14.868015,Tuesday,0,2
350,ORDX11080,2018-01-08,11:12:40,Breakfast,BK,"[('Eggs', 1), ('Cereal', 1), ('Pancake', 2)]",91.5,-37.8147513,144.96288,0,7.874,15.3442729,Monday,0,0
351,ORDZ09062,2018-01-18,08:30:25,Breakfast,NS,"[('Eggs', 9), ('Cereal', 5), ('Coffee', 7)]",355.5,-37.8060043,144.9572258,1,7.837999999999999,6.839509599999999,Thursday,0,0
352,ORDI02990,2018-01-24,12:43:56,Lunch,NS,"[('Burger', 9), ('Fries', 6), ('Steak', 3), ('Chicken', 3)]",582.0,-37.822927299999996,144.9808521,0,9.049,14.170129199999998,Wednesday,0,1
353,ORDB05093,2018-01-15,10:21:58,Breakfast,TP,"[('Cereal', 10), ('Pancake', 5), ('Eggs', 4)]",419.25,-37.8196791,144.9816751,0,9.011000000000001,11.7857685,Monday,0,0
354,ORDX06157,2018-01-23,09:41:24,Breakfast,BK,"[('Pancake', 2), ('Coffee', 3), ('Eggs', 9), ('Cereal', 10)]",479.0,-37.823631299999995,144.9673422,0,8.162,13.1007244,Tuesday,0,0
355,ORDB02713,2018-01-11,10:11:49,Breakfast,TP,"[('Coffee', 3), ('Eggs', 6), ('Cereal', 10), ('Pancake', 9)]",582.75,-37.8050402,144.963243,0,9.183,13.237144699999998,Thursday,0,0
356,ORDJ06570,2018-01-26,18:49:00,Dinner,TP,"[('Pasta', 6), ('Fish&Chips', 3), ('Salmon', 1)]",311.0,-37.800825599999996,145.0046635,0,12.259,16.1603517,Friday,0,2
357,ORDK10937,2018-01-27,16:57:27,Dinner,BK,"[('Shrimp', 9), ('Fish&Chips', 1)]",521.0,-37.806140500000005,144.94491580000002,0,9.137,16.135692499999998,Saturday,1,2
358,ORDX07315,2018-01-10,14:15:12,Lunch,BK,"[('Burger', 9), ('Steak', 2), ('Salad', 5)]",455.0,-37.8202136,144.9601579,0,8.181000000000001,13.868516099999999,Wednesday,0,1
359,ORDC10249,2018-01-19,14:35:29,Lunch,NS,"[('Burger', 5), ('Salad', 4), ('Steak', 6), ('Chicken', 3)]",589.8,-37.7994977,144.9786814,0,6.976,12.3128765,Friday,0,1
360,ORDI00313,2018-01-15,19:29:34,Dinner,NS,"[('Pasta', 7), ('Shrimp', 2)]",300.5,-37.8063007,144.9593668,0,7.651,15.4999114,Monday,0,2
361,ORDY03826,2018-01-06,12:03:22,Lunch,TP,"[('Steak', 9), ('Salad', 2), ('Fries', 4), ('Chicken', 6), ('Burger', 6)]",865.4,-37.8029372,144.9355722,0,10.918,15.662088199999998,Saturday,1,1
362,ORDY03953,2018-01-19,10:32:06,Breakfast,TP,"[('Cereal', 10), ('Eggs', 1), ('Pancake', 5), ('Coffee', 7)]",405.75,-37.8174026,144.9673919,0,7.742000000000001,10.849338699999999,Friday,0,0
363,ORDB07054,2018-01-05,19:09:17,Dinner,TP,"[('Salmon', 2), ('Pasta', 9)]",329.5,-37.818991100000005,144.9540331,0,8.427999999999999,12.6565482,Friday,0,2
364,ORDK04032,2018-01-03,16:06:45,Dinner,BK,"[('Salmon', 9), ('Shrimp', 1), ('Pasta', 4)]",533.0,-37.8144982,144.9355209,0,10.218,17.130587,Wednesday,0,2
365,ORDJ10216,2018-01-15,18:28:43,Dinner,TP,"[('Fish&Chips', 2), ('Salmon', 4), ('Pasta', 9)]",481.5,-37.8035966,144.9564425,0,9.441,14.0674859,Monday,0,2
366,ORDB03922,2018-01-02,11:53:14,Breakfast,TP,"[('Eggs', 9), ('Coffee', 10)]",273.0,-37.8063468,144.95910659999998,0,8.992,11.0736112,Tuesday,0,0
367,ORDB06685,2018-01-11,19:29:34,Dinner,TP,"[('Pasta', 5), ('Salmon', 2), ('Fish&Chips', 7), ('Shrimp', 2)]",572.5,-37.820342499999995,144.94957319999997,0,8.828,12.9521625,Thursday,0,2
368,ORDA09053,2018-01-29,13:54:55,Lunch,BK,"[('Salad', 10), ('Fries', 6), ('Steak', 8)]",604.0,-37.8192211,144.9733815,0,7.642,13.1258204,Monday,0,1
369,ORDC06471,2018-01-31,17:58:18,Dinner,NS,"[('Shrimp', 7), ('Salmon', 4), ('Fish&Chips', 2), ('Pasta', 9)]",859.5,-37.8168076,144.9994885,0,9.977,15.8400204,Wednesday,0,2
370,ORDB04486,2018-01-12,11:12:40,Breakfast,TP,"[('Eggs', 7), ('Pancake', 2), ('Cereal', 6), ('Coffee', 7)]",381.0,-37.813565399999995,144.96157549999998,0,8.238999999999999,11.0204725,Friday,0,0
371,ORDB02097,2018-01-13,15:26:11,Lunch,TP,"[('Fries', 6), ('Steak', 2), ('Salad', 7), ('Chicken', 5), ('Burger', 3)]",535.4,-37.809649900000004,144.98737659999998,0,9.908999999999999,13.0191617,Saturday,1,1
372,ORDI09216,2018-01-21,11:32:57,Breakfast,NS,"[('Cereal', 8), ('Pancake', 2)]",216.5,-37.8188804,144.9530751,0,9.254,15.892678,Sunday,1,0
373,ORDB05179,2018-01-12,12:13:31,Lunch,TP,"[('Burger', 5), ('Chicken', 2), ('Steak', 10), ('Fries', 4), ('Salad', 2)]",751.4,-37.8009811,144.9374899,0,11.547,15.7005571,Friday,0,1
374,ORDI02273,2018-01-12,16:27:02,Dinner,NS,"[('Pasta', 2), ('Salmon', 7), ('Fish&Chips', 10)]",692.0,-37.8065423,144.9412049,0,9.421,15.2302415,Friday,0,2
375,ORDJ02014,2018-01-03,19:09:17,Dinner,TP,"[('Shrimp', 9), ('Fish&Chips', 4), ('Pasta', 3), ('Salmon', 7)]",995.5,-37.813342,145.0148451,0,12.571,15.973858100000001,Wednesday,0,2
376,ORDY03591,2018-01-19,15:36:20,Lunch,TP,"[('Burger', 5), ('Fries', 3), ('Salad', 2)]",225.4,-37.813629,144.9656432,0,8.187999999999999,13.6831484,Friday,0,1
377,ORDI08677,2018-01-10,13:14:21,Lunch,NS,"[('Steak', 8), ('Burger', 8), ('Salad', 4), ('Chicken', 4), ('Fries', 5)]",864.8,-37.8136156,144.95029499999998,0,8.702,15.956942399999999,Wednesday,0,1
378,ORDK05858,2018-01-18,12:33:48,Lunch,BK,"[('Chicken', 4), ('Fries', 7)]",212.0,-37.81497279999999,144.9449286,0,9.168,14.8678856,Thursday,0,1
379,ORDB08427,2018-01-07,14:15:12,Lunch,TP,"[('Salad', 2), ('Fries', 6), ('Steak', 7), ('Burger', 4)]",545.4,-37.8078416,145.01320890000002,0,12.565999999999999,16.5561301,Sunday,1,1
380,ORDX01930,2018-01-13,18:28:43,Dinner,BK,"[('Pasta', 2), ('Shrimp', 2)]",163.0,-37.821014399999996,144.9429268,0,9.748,16.8826383,Saturday,1,2
381,ORDC07637,2018-01-14,12:23:39,Lunch,NS,"[('Fries', 2), ('Steak', 7), ('Salad', 6), ('Burger', 4), ('Chicken', 10)]",886.2,-37.819511799999994,144.9598887,0,8.95,14.7553426,Sunday,1,1
382,ORDI08313,2018-01-15,09:31:16,Breakfast,NS,"[('Coffee', 1), ('Cereal', 10), ('Eggs', 1), ('Pancake', 10)]",482.0,-37.8026444,144.9880756,0,7.867999999999999,12.8013834,Monday,0,0
383,ORDJ02997,2018-01-28,17:58:18,Dinner,TP,"[('Shrimp', 4), ('Pasta', 2), ('Fish&Chips', 1), ('Salmon', 9)]",675.0,-37.8107373,144.9462583,0,9.697000000000001,15.2921639,Sunday,1,2
384,ORDZ09325,2018-01-19,13:34:38,Lunch,NS,"[('Steak', 9), ('Salad', 1), ('Fries', 4)]",470.2,-37.824865100000004,145.00733300000002,0,11.3,17.2447396,Friday,0,1
385,ORDJ07537,2018-01-04,11:02:32,Breakfast,TP,"[('Cereal', 6), ('Coffee', 4), ('Eggs', 2), ('Pancake', 2)]",248.5,-37.805364399999995,144.9737134,0,9.533999999999999,12.4000473,Thursday,0,0
386,ORDA04307,2018-01-11,15:16:03,Lunch,BK,"[('Burger', 7), ('Fries', 3)]",253.0,-37.8186212,144.9532323,0,10.378,19.6139225,Thursday,0,1
387,ORDX09901,2018-01-30,13:54:55,Lunch,BK,"[('Chicken', 1), ('Burger', 5), ('Fries', 4)]",235.0,-37.8119931,144.93840480000003,0,9.876,18.1120832,Tuesday,0,1
388,ORDC04732,2018-01-13,14:25:21,Lunch,NS,"[('Steak', 10), ('Salad', 3), ('Chicken', 1)]",533.6,-37.816517299999994,145.00563359999998,0,10.443,16.0375145,Saturday,1,1
389,ORDJ03205,2018-01-02,12:54:05,Lunch,TP,"[('Fries', 7), ('Burger', 10), ('Salad', 1), ('Steak', 7), ('Chicken', 7)]",950.2,-37.8000554,144.9284168,0,11.595999999999998,16.2634618,Tuesday,0,1
390,ORDB03313,2018-01-12,11:22:49,Breakfast,TP,"[('Cereal', 10), ('Coffee', 1), ('Pancake', 8), ('Eggs', 1)]",433.5,-37.801993599999996,144.9443023,0,10.409,13.009434599999999,Friday,0,0
391,ORDJ03644,2018-01-04,15:05:54,Lunch,TP,"[('Steak', 1), ('Chicken', 4), ('Fries', 6), ('Burger', 5)]",400.0,-37.8199086,144.9507783,0,8.722999999999999,13.6869405,Thursday,0,1
392,ORDX01878,2018-01-20,16:37:10,Dinner,BK,"[('Salmon', 10), ('Pasta', 3), ('Fish&Chips', 2)]",562.5,-37.82504229999999,145.0129146,0,5.044,11.3135377,Saturday,1,2
393,ORDY03623,2018-01-28,11:53:14,Breakfast,TP,"[('Eggs', 1), ('Coffee', 10), ('Pancake', 7)]",266.75,-37.816016,144.9637193,0,7.901,12.550287599999999,Sunday,1,0
394,ORDA10622,2018-01-29,13:54:55,Lunch,BK,"[('Burger', 8), ('Steak', 10)]",698.0,-37.8183006,144.9786591,0,6.8,12.6023063,Monday,0,1
395,ORDY03674,2018-01-13,17:27:53,Dinner,TP,"[('Salmon', 4), ('Pasta', 1)]",191.5,-37.8190576,144.9640736,0,7.886,13.478523800000001,Saturday,1,2
396,ORDX10114,2018-01-26,09:51:32,Breakfast,BK,"[('Cereal', 2), ('Coffee', 6), ('Pancake', 6), ('Eggs', 10)]",452.5,-37.813309000000004,144.9514018,0,8.565,13.390267499999998,Friday,0,0
397,ORDJ03064,2018-01-19,19:39:43,Dinner,TP,"[('Fish&Chips', 2), ('Pasta', 4), ('Shrimp', 6), ('Salmon', 3)]",627.0,-37.814969899999994,144.92757759999998,0,11.798,15.6060229,Friday,0,2
398,ORDY06202,2018-01-02,13:04:13,Lunch,TP,"[('Steak', 6), ('Salad', 6), ('Fries', 10), ('Chicken', 3), ('Burger', 9)]",868.2,-37.8182282,144.9648044,0,7.562,12.6270231,Tuesday,0,1
399,ORDI10343,2018-01-02,19:09:17,Dinner,NS,"[('Fish&Chips', 9), ('Salmon', 6)]",561.0,-37.8231533,144.9623636,0,9.318,17.3609556,Tuesday,0,2
400,ORDJ02748,2018-01-04,11:02:32,Breakfast,TP,"[('Eggs', 4), ('Cereal', 2), ('Pancake', 9), ('Coffee', 10)]",423.25,-37.805401,144.97370769999998,0,9.529,12.0066432,Thursday,0,0
401,ORDY05207,2018-01-25,12:43:56,Lunch,TP,"[('Fries', 5), ('Burger', 2)]",122.0,-37.805206899999995,144.9945958,0,11.023,14.365237699999998,Thursday,0,1
402,ORDC02470,2018-01-28,09:51:32,Breakfast,NS,"[('Eggs', 10), ('Cereal', 6), ('Coffee', 8)]",406.0,-37.8118495,145.0003956,0,9.62,13.934074300000002,Sunday,1,0
403,ORDK08127,2018-01-10,16:16:54,Dinner,BK,"[('Shrimp', 4), ('Pasta', 8), ('Fish&Chips', 4)]",576.0,-37.8071804,144.996243,0,4.918,11.968583500000001,Wednesday,0,2
404,ORDX09307,2018-01-24,10:42:15,Breakfast,BK,"[('Cereal', 4), ('Eggs', 2)]",128.0,-37.8123572,144.9540342,0,8.311,15.3755843,Wednesday,0,0
405,ORDC05482,2018-01-22,10:32:06,Breakfast,NS,"[('Pancake', 3), ('Coffee', 8), ('Eggs', 10), ('Cereal', 2)]",394.75,-37.79931079999999,144.95344709999998,0,7.692,12.704657800000001,Monday,0,0
406,ORDZ04889,2018-01-25,13:44:47,Lunch,NS,"[('Burger', 3), ('Salad', 5), ('Fries', 7)]",263.0,-37.824213799999995,144.9832312,0,9.412,14.531209299999999,Thursday,0,1
407,ORDJ08596,2018-01-10,19:19:26,Dinner,TP,"[('Shrimp', 5), ('Pasta', 5), ('Salmon', 4)]",571.5,-37.8237514,144.9552956,0,8.033,11.851811300000001,Wednesday,0,2
408,ORDX00210,2018-01-04,09:00:50,Breakfast,BK,"[('Eggs', 9), ('Pancake', 9)]",416.25,-37.815349600000005,144.9721728,0,7.007000000000001,14.329972699999999,Thursday,0,0
409,ORDY10654,2018-01-18,17:38:01,Dinner,TP,"[('Salmon', 7), ('Shrimp', 2)]",395.0,-37.8033053,144.9510182,0,9.886000000000001,13.833171799999999,Thursday,0,2
410,ORDI02997,2018-01-08,09:10:59,Breakfast,NS,"[('Pancake', 3), ('Eggs', 3)]",138.75,-37.8215657,144.9805243,0,9.051,14.0440307,Monday,0,0
411,ORDY10975,2018-01-28,20:00:00,Dinner,TP,"[('Fish&Chips', 7), ('Pasta', 1), ('Shrimp', 9)]",758.5,-37.8195394,144.95269309999998,0,8.541,13.0568053,Sunday,1,2
412,ORDB02104,2018-01-26,10:42:15,Breakfast,TP,"[('Eggs', 1), ('Coffee', 6)]",67.0,-37.811393599999995,144.9830234,0,9.369,12.4626666,Friday,0,0
413,ORDI00483,2018-01-11,19:19:26,Dinner,NS,"[('Fish&Chips', 2), ('Pasta', 2), ('Salmon', 2)]",207.0,-37.804956,144.9696091,0,6.597,12.8633784,Thursday,0,2
414,ORDI06017,2018-01-09,10:11:49,Breakfast,NS,"[('Coffee', 5), ('Pancake', 7), ('Cereal', 8)]",375.25,-37.8251136,144.9849581,0,9.561,14.1732279,Tuesday,0,0
415,ORDY04437,2018-01-28,13:54:55,Lunch,TP,"[('Chicken', 8), ('Fries', 3), ('Salad', 6)]",395.2,-37.807613399999994,144.9424079,0,10.113999999999999,13.3694678,Sunday,1,1
416,ORDJ09932,2018-01-19,16:37:10,Dinner,TP,"[('Fish&Chips', 2), ('Salmon', 8), ('Shrimp', 1)]",452.0,-37.8256534,144.9298935,0,16.645,19.739514899999996,Friday,0,2
417,ORDI01988,2018-01-22,16:47:19,Dinner,NS,"[('Shrimp', 3), ('Pasta', 9), ('Fish&Chips', 1)]",444.5,-37.801929200000004,144.9367901,0,9.532,17.267425699999997,Monday,0,2
418,ORDB00824,2018-01-07,14:15:12,Lunch,TP,"[('Fries', 5), ('Burger', 5)]",215.0,-37.8057346,144.9439706,0,10.13,14.639051,Sunday,1,1
419,ORDK09586,2018-01-16,09:31:16,Breakfast,BK,"[('Coffee', 6), ('Eggs', 1)]",67.0,-37.8110223,144.9505115,0,8.726,13.676442800000002,Tuesday,0,0
420,ORDK08322,2018-01-07,13:14:21,Lunch,BK,"[('Chicken', 10), ('Steak', 10)]",770.0,-37.8251158,144.9588699,0,8.95,14.701913199999998,Sunday,1,1
421,ORDX09276,2018-01-15,17:27:53,Dinner,BK,"[('Salmon', 9), ('Fish&Chips', 1), ('Pasta', 2)]",459.0,-37.821971399999995,144.99403999999998,0,5.672000000000001,12.481560499999999,Monday,0,2
422,ORDB00220,2018-01-24,08:40:33,Breakfast,TP,"[('Eggs', 9), ('Cereal', 6), ('Pancake', 1)]",348.25,-37.8065078,145.001584,0,11.679,13.7112856,Wednesday,0,0
423,ORDJ07396,2018-01-07,17:17:44,Dinner,TP,"[('Shrimp', 9), ('Salmon', 5), ('Pasta', 9), ('Fish&Chips', 6)]",1148.5,-37.8020899,144.96595459999998,0,9.656,14.867641,Sunday,1,2
424,ORDB02446,2018-01-13,11:22:49,Breakfast,TP,"[('Eggs', 4), ('Pancake', 3), ('Coffee', 6)]",205.75,-37.8014708,144.947374,0,10.267000000000001,12.7564152,Saturday,1,0
425,ORDX08752,2018-01-04,19:09:17,Dinner,BK,"[('Fish&Chips', 7), ('Salmon', 10)]",655.0,-37.8160369,144.9684751,0,7.318,14.2022824,Thursday,0,2
426,ORDC05577,2018-01-29,17:58:18,Dinner,NS,"[('Salmon', 1), ('Shrimp', 3), ('Pasta', 3)]",285.5,-37.81957020000001,144.9692636,0,9.354,14.8617016,Monday,0,2
427,ORDZ08764,2018-01-28,13:54:55,Lunch,NS,"[('Chicken', 9), ('Steak', 3), ('Fries', 10), ('Burger', 6)]",729.0,-37.8026378,144.94546259999998,0,8.611,14.3159835,Sunday,1,1
428,ORDZ05247,2018-01-04,08:00:00,Breakfast,NS,"[('Cereal', 1), ('Eggs', 2)]",65.0,-37.8185848,145.0053358,1,10.617,8.1309655,Thursday,0,0
429,ORDK08793,2018-01-04,11:02:32,Breakfast,BK,"[('Coffee', 8), ('Pancake', 4), ('Eggs', 3)]",223.0,-37.8211126,144.9472811,0,9.347999999999999,14.461623399999999,Thursday,0,0
430,ORDZ00451,2018-01-12,11:22:49,Breakfast,NS,"[('Coffee', 5), ('Eggs', 5), ('Pancake', 8)]",341.5,-37.801993599999996,144.9443023,0,8.698,13.5605831,Friday,0,0
431,ORDX10610,2018-01-13,16:27:02,Dinner,BK,"[('Shrimp', 3), ('Fish&Chips', 7), ('Pasta', 2), ('Salmon', 7)]",749.0,-37.809020700000005,144.92892759999998,0,10.732999999999999,17.7825303,Saturday,1,2
432,ORDJ03983,2018-01-07,13:04:13,Lunch,TP,"[('Fries', 4), ('Steak', 4), ('Salad', 9)]",382.8,-37.8035728,144.9490381,0,9.927,13.2105131,Sunday,1,1
433,ORDC10308,2018-01-10,13:14:21,Lunch,NS,"[('Steak', 4), ('Fries', 8)]",276.0,-37.8137982,144.9541247,0,8.506,16.3634236,Wednesday,0,1
434,ORDC01249,2018-01-01,17:58:18,Dinner,NS,"[('Fish&Chips', 1), ('Salmon', 3), ('Shrimp', 8), ('Pasta', 5)]",727.5,-37.8045351,144.9633718,0,7.087000000000001,13.2536732,Monday,0,2
435,ORDJ04253,2018-01-22,15:36:20,Lunch,TP,"[('Burger', 7), ('Fries', 1)]",229.0,-37.7969156,144.9646571,0,10.1,12.905136099999998,Monday,0,1
436,ORDI07473,2018-01-21,15:36:20,Lunch,NS,"[('Chicken', 6), ('Salad', 2), ('Fries', 2)]",250.4,-37.8187471,144.96786830000002,0,8.46,14.3138038,Sunday,1,1
437,ORDY05781,2018-01-11,11:12:40,Breakfast,TP,"[('Coffee', 2), ('Eggs', 10), ('Cereal', 3)]",298.0,-37.813948700000005,144.949348,0,10.107000000000001,12.1120336,Thursday,0,0
438,ORDZ10700,2018-01-11,14:15:12,Lunch,NS,"[('Steak', 5), ('Burger', 5)]",380.0,-37.8204541,144.9574207,0,9.211,14.8402554,Thursday,0,1
439,ORDX11102,2018-01-14,18:28:43,Dinner,BK,"[('Shrimp', 5), ('Pasta', 9), ('Fish&Chips', 8)]",797.5,-37.8264286,144.99776980000001,0,5.7829999999999995,12.5017944,Sunday,1,2
440,ORDZ07245,2018-01-19,10:32:06,Breakfast,NS,"[('Eggs', 3), ('Coffee', 7), ('Cereal', 8)]",286.5,-37.815016299999996,144.9523001,0,8.752,13.7432568,Friday,0,0
441,ORDJ02952,2018-01-25,10:42:15,Breakfast,TP,"[('Cereal', 1), ('Pancake', 8), ('Eggs', 2)]",259.0,-37.80802,144.973733,0,9.271,13.678351300000001,Thursday,0,0
442,ORDC00284,2018-01-08,10:11:49,Breakfast,NS,"[('Cereal', 9), ('Pancake', 9), ('Eggs', 4)]",495.25,-37.8081804,144.97313540000002,0,7.117000000000001,12.1098034,Monday,0,0
443,ORDJ10921,2018-01-24,09:41:24,Breakfast,TP,"[('Coffee', 8), ('Pancake', 2), ('Cereal', 1), ('Eggs', 6)]",261.5,-37.8005285,144.9458413,0,10.475999999999999,14.574996599999999,Wednesday,0,0
444,ORDI10324,2018-01-11,14:15:12,Lunch,NS,"[('Fries', 5), ('Steak', 3), ('Burger', 3)]",288.0,-37.8188972,145.0023333,0,10.334000000000001,16.2610416,Thursday,0,1
445,ORDA07637,2018-01-08,14:15:12,Lunch,BK,"[('Salad', 10), ('Burger', 8), ('Steak', 5), ('Fries', 6), ('Chicken', 5)]",877.0,-37.8198164,144.9612635,0,8.058,16.4740104,Monday,0,1
446,ORDB05157,2018-01-04,15:05:54,Lunch,TP,"[('Burger', 3), ('Fries', 3), ('Steak', 6), ('Salad', 2), ('Chicken', 10)]",753.4,-37.8033113,144.94979130000002,0,9.942,15.0826744,Thursday,0,1
447,ORDK10745,2018-01-28,15:56:37,Lunch,BK,"[('Burger', 6), ('Salad', 2), ('Fries', 1), ('Chicken', 9)]",520.4,-37.8018093,144.9802776,0,6.647,12.1394388,Sunday,1,1
448,ORDA06753,2018-01-10,13:14:21,Lunch,BK,"[('Salad', 5), ('Fries', 2), ('Chicken', 8), ('Steak', 10)]",816.0,-37.8145453,144.96397140000002,0,7.73,16.2996863,Wednesday,0,1
449,ORDC10684,2018-01-28,20:00:00,Dinner,NS,"[('Fish&Chips', 8), ('Shrimp', 10), ('Pasta', 2)]",875.0,-37.8146956,144.95915349999999,0,5.6770000000000005,11.3527367,Sunday,1,2
450,ORDX10788,2018-01-31,12:54:05,Lunch,BK,"[('Steak', 6), ('Burger', 6)]",456.0,-37.8085408,144.95788340000001,0,7.938,13.7283443,Wednesday,0,1
451,ORDI10790,2018-01-14,08:20:16,Breakfast,NS,"[('Coffee', 4), ('Cereal', 10), ('Eggs', 10), ('Pancake', 2)]",508.5,-37.8067215,144.9629607,1,7.335,7.226300999999999,Sunday,1,0
452,ORDK03711,2018-01-11,12:13:31,Lunch,BK,"[('Chicken', 6), ('Fries', 8), ('Burger', 2), ('Salad', 9)]",504.8,-37.810554100000004,145.00478710000002,0,3.7569999999999997,8.8476959,Thursday,0,1
453,ORDA07266,2018-01-03,08:00:00,Breakfast,BK,"[('Cereal', 6), ('Coffee', 5)]",163.5,-37.8127591,144.9413676,1,9.707,7.1779753,Wednesday,0,0
454,ORDA06322,2018-01-31,15:56:37,Lunch,BK,"[('Burger', 9), ('Steak', 3), ('Salad', 2)]",448.4,-37.804995,144.9566268,0,8.119,13.512556400000001,Wednesday,0,1
455,ORDB07012,2018-01-21,13:34:38,Lunch,TP,"[('Chicken', 4), ('Salad', 3), ('Fries', 1)]",191.6,-37.809021,145.01016950000002,0,12.154000000000002,15.2401202,Sunday,1,1
456,ORDY00616,2018-01-09,13:14:21,Lunch,TP,"[('Chicken', 4), ('Salad', 4), ('Steak', 4)]",376.8,-37.8260948,144.9580486,0,8.309,13.031180699999998,Tuesday,0,1
457,ORDY10521,2018-01-09,16:16:54,Dinner,TP,"[('Shrimp', 1), ('Pasta', 2), ('Salmon', 1), ('Fish&Chips', 10)]",500.0,-37.8233614,144.99373590000002,0,9.755,14.994234,Tuesday,0,2
458,ORDJ09682,2018-01-14,19:29:34,Dinner,TP,"[('Fish&Chips', 5), ('Salmon', 4), ('Pasta', 2), ('Shrimp', 10)]",934.0,-37.8053499,144.95080280000002,0,9.642999999999999,13.8368493,Sunday,1,2
459,ORDA08582,2018-01-17,08:30:25,Breakfast,BK,"[('Cereal', 10), ('Eggs', 7), ('Pancake', 7)]",533.75,-37.8050383,144.970424,1,6.971,6.284154099999999,Wednesday,0,0
460,ORDJ01819,2018-01-31,09:00:50,Breakfast,TP,"[('Eggs', 3), ('Cereal', 3)]",129.0,-37.822972,144.9889144,0,9.283,11.577044599999999,Wednesday,0,0
461,ORDZ00058,2018-01-12,12:13:31,Lunch,NS,"[('Fries', 5), ('Chicken', 3), ('Burger', 4), ('Salad', 6), ('Steak', 9)]",788.2,-37.8010997,144.9607876,0,7.068,14.347384699999997,Friday,0,1
462,ORDA07477,2018-01-07,19:19:26,Dinner,BK,"[('Pasta', 1), ('Salmon', 4)]",191.5,-37.8183904,144.9662769,0,7.631,14.0744339,Sunday,1,2
463,ORDK06166,2018-01-31,09:00:50,Breakfast,BK,"[('Coffee', 2), ('Pancake', 1), ('Eggs', 4), ('Cereal', 4)]",211.25,-37.8145736,144.946566,0,9.013,13.892343599999998,Wednesday,0,0
464,ORDZ09805,2018-01-28,18:59:09,Dinner,NS,"[('Fish&Chips', 5), ('Salmon', 5)]",380.0,-37.8111501,144.9622637,0,7.687,13.3494274,Sunday,1,2
465,ORDZ08429,2018-01-15,18:28:43,Dinner,NS,"[('Shrimp', 8), ('Salmon', 3)]",555.0,-37.8238251,144.95929669999998,0,9.96,16.172639999999998,Monday,0,2
466,ORDZ02188,2018-01-03,16:06:45,Dinner,NS,"[('Salmon', 8), ('Shrimp', 6), ('Pasta', 3)]",734.5,-37.8140346,144.9470579,0,9.139,15.3056687,Wednesday,0,2
467,ORDK07220,2018-01-01,09:00:50,Breakfast,BK,"[('Eggs', 4), ('Pancake', 3), ('Cereal', 6)]",286.75,-37.8059885,144.95708390000001,0,7.962000000000001,12.587777699999998,Monday,0,0
468,ORDB07382,2018-01-16,15:26:11,Lunch,TP,"[('Salad', 10), ('Burger', 7), ('Chicken', 8), ('Fries', 10), ('Steak', 9)]",1170.0,-37.8110224,145.0051534,0,11.472999999999999,14.380712699999998,Tuesday,0,1
469,ORDY03816,2018-01-23,13:44:47,Lunch,TP,"[('Steak', 1), ('Fries', 5), ('Chicken', 7), ('Salad', 6), ('Burger', 9)]",711.2,-37.8074934,144.9421545,0,10.151,14.3047693,Tuesday,0,1
470,ORDY06130,2018-01-28,15:56:37,Lunch,TP,"[('Salad', 5), ('Chicken', 7), ('Burger', 3), ('Fries', 1)]",415.0,-37.8082812,144.9802632,0,9.559,12.866760300000001,Sunday,1,1
471,ORDB11101,2018-01-07,12:03:22,Lunch,TP,"[('Steak', 3), ('Chicken', 9), ('Fries', 10), ('Salad', 6), ('Burger', 5)]",801.2,-37.8067888,144.954574,0,9.295,12.493130800000001,Sunday,1,1
472,ORDX08660,2018-01-07,10:01:41,Breakfast,BK,"[('Coffee', 8), ('Cereal', 10)]",270.0,-37.8240299,144.9852688,0,6.631,11.101787400000001,Sunday,1,0
473,ORDB09836,2018-01-20,14:35:29,Lunch,TP,"[('Chicken', 5), ('Fries', 3), ('Salad', 2), ('Steak', 9), ('Burger', 7)]",852.4,-37.8171439,144.9533633,0,8.593,11.3816018,Saturday,1,1
474,ORDB08535,2018-01-24,17:48:10,Dinner,TP,"[('Fish&Chips', 1), ('Shrimp', 2), ('Salmon', 7), ('Pasta', 2)]",485.0,-37.805426399999995,144.9711044,0,9.485,13.498865099999998,Wednesday,0,2
475,ORDI07471,2018-01-06,16:16:54,Dinner,NS,"[('Salmon', 2), ('Pasta', 8), ('Shrimp', 9), ('Fish&Chips', 6)]",998.0,-37.816662,144.984051,0,8.738,14.3157489,Saturday,1,2
